"key","component","line","severity","type","message"
"0684d735-0867-41cb-bf2d-5e95566a3758","project4_1:daily-light-joy-main/index.html","6","INFO","CODE_SMELL","Complete the task associated to this ""TODO"" comment."
"24475fea-0ac2-4c97-ac8a-982688b58831","project4_1:daily-light-joy-main/index.html","11","INFO","CODE_SMELL","Complete the task associated to this ""TODO"" comment."
"c1cfef59-2f10-4337-8e8d-fb50c206f0ac","project4_1:daily-light-joy-main/src/components/MoodSlider.tsx","7","MINOR","CODE_SMELL","Mark the props of the component as read-only."
"8eb0b060-9862-4c27-a636-af9fd393a703","project4_1:daily-light-joy-main/src/components/MoodSlider.tsx","57","MINOR","CODE_SMELL","Prefer `Number.parseInt` over `parseInt`."
"079f6cb1-605a-40ef-85ac-fecbf744b251","project4_1:daily-light-joy-main/src/components/QuoteDisplay.tsx","13","MINOR","CODE_SMELL","Mark the props of the component as read-only."
"13d18459-ee30-4fee-848c-11dd596fede2","project4_1:daily-light-joy-main/src/components/QuoteHistory.tsx","13","MINOR","CODE_SMELL","Mark the props of the component as read-only."
"fe95960e-aa6c-4cde-a5e5-a405b927ce35","project4_1:daily-light-joy-main/src/components/ui/alert.tsx","31","MAJOR","CODE_SMELL","Headings must have content and the content must be accessible by a screen reader."
"b97f4c15-5450-441e-a9ac-c9f0195b11cd","project4_1:daily-light-joy-main/src/components/ui/breadcrumb.tsx","50","MAJOR","CODE_SMELL","Use <a href=...>, or <area href=...> instead of the ""link"" role to ensure accessibility across all devices."
"3d793544-156b-4af0-90a4-574b67de13aa","project4_1:daily-light-joy-main/src/components/ui/breadcrumb.tsx","63","MAJOR","CODE_SMELL","Use <img alt=...> instead of the ""presentation"" role to ensure accessibility across all devices."
"8b2fff3e-114f-4f1f-8f55-f4a0486f5af0","project4_1:daily-light-joy-main/src/components/ui/breadcrumb.tsx","70","MAJOR","CODE_SMELL","Use <img alt=...> instead of the ""presentation"" role to ensure accessibility across all devices."
"79c88a5d-74ce-4bad-a4d7-6463c35fc385","project4_1:daily-light-joy-main/src/components/ui/calendar.tsx","45","MAJOR","CODE_SMELL","Move this component definition out of the parent component and pass data as props."
"54c0ef85-324e-4993-b7c2-1f9898b8c7bd","project4_1:daily-light-joy-main/src/components/ui/calendar.tsx","46","MAJOR","CODE_SMELL","Move this component definition out of the parent component and pass data as props."
"c0761214-0194-4a64-af6b-5e96921ca9ee","project4_1:daily-light-joy-main/src/components/ui/card.tsx","19","MAJOR","CODE_SMELL","Headings must have content and the content must be accessible by a screen reader."
"1cfb001c-2c84-4870-b968-ee52b698120d","project4_1:daily-light-joy-main/src/components/ui/carousel.tsx","107","MAJOR","CODE_SMELL","The object passed as the value prop to the Context provider changes every render. To fix this consider wrapping it in a useMemo hook."
"57315a9a-3267-456f-bdff-863922e2301f","project4_1:daily-light-joy-main/src/components/ui/carousel.tsx","118","MAJOR","CODE_SMELL","Use <section aria-label=...>, or <section aria-labelledby=...> instead of the ""region"" role to ensure accessibility across all devices."
"0a97b1fd-ff7b-4873-9912-df22cb7e70ff","project4_1:daily-light-joy-main/src/components/ui/carousel.tsx","156","MAJOR","CODE_SMELL","Use <details>, <fieldset>, <optgroup>, or <address> instead of the ""group"" role to ensure accessibility across all devices."
"8dfec7ce-3d9a-487f-976a-436794c22c33","project4_1:daily-light-joy-main/src/components/ui/chart.tsx","40","MINOR","CODE_SMELL","Prefer `String#replaceAll()` over `String#replace()`."
"a923c4f4-7d18-4b00-8aa3-606fbe066411","project4_1:daily-light-joy-main/src/components/ui/chart.tsx","43","MAJOR","CODE_SMELL","The object passed as the value prop to the Context provider changes every render. To fix this consider wrapping it in a useMemo hook."
"745386b4-864a-4954-9530-00fd82b6c072","project4_1:daily-light-joy-main/src/components/ui/chart.tsx","161","MINOR","CODE_SMELL","Unexpected negated condition."
"d63eb54a-2d29-4903-a629-be309f408721","project4_1:daily-light-joy-main/src/components/ui/chart.tsx","300","MINOR","CODE_SMELL","This assertion is unnecessary since it does not change the type of the expression."
"845d6f2a-19e0-4f7a-a203-bff7a7d1ae6c","project4_1:daily-light-joy-main/src/components/ui/command.tsx","42","MAJOR","CODE_SMELL","Unknown property 'cmdk-input-wrapper' found"
"850e9032-0b45-4b56-8559-6c12feb58b58","project4_1:daily-light-joy-main/src/components/ui/form.tsx","27","MAJOR","CODE_SMELL","The object passed as the value prop to the Context provider changes every render. To fix this consider wrapping it in a useMemo hook."
"2d368a84-2776-460e-b38c-717fe9907e08","project4_1:daily-light-joy-main/src/components/ui/form.tsx","67","MAJOR","CODE_SMELL","The object passed as the value prop to the Context provider changes every render. To fix this consider wrapping it in a useMemo hook."
"f232321f-5d66-4eb9-ae8c-e77d28d962f4","project4_1:daily-light-joy-main/src/components/ui/form.tsx","93","MINOR","CODE_SMELL","Unexpected negated condition."
"603d2c73-d4af-47fc-877d-df705c1360a3","project4_1:daily-light-joy-main/src/components/ui/input-otp.tsx","54","MAJOR","CODE_SMELL","Use <hr> instead of the ""separator"" role to ensure accessibility across all devices."
"95e9f5d8-ddd0-46f7-89d8-abe6220e0329","project4_1:daily-light-joy-main/src/components/ui/pagination.tsx","35","MINOR","CODE_SMELL","Anchors must have content and the content must be accessible by a screen reader."
"bcb610ba-e18c-4591-964d-53160ec540c2","project4_1:daily-light-joy-main/src/components/ui/sidebar.tsx","87","MINOR","CODE_SMELL","Prefer `globalThis` over `window`."
"033d760b-6bc9-4cd4-9833-253e92f5c2a3","project4_1:daily-light-joy-main/src/components/ui/sidebar.tsx","88","MINOR","CODE_SMELL","Prefer `globalThis` over `window`."
"422b1cb2-e806-492b-aa77-c5efcb8eb237","project4_1:daily-light-joy-main/src/components/ui/sonner.tsx","27","MINOR","CODE_SMELL","Use `export???from` to re-export `toast`."
"0e17bdf2-1924-4218-8327-fbc46707addc","project4_1:daily-light-joy-main/src/components/ui/table.tsx","8","MAJOR","BUG","Add a valid header row or column to this ""<table>""."
"b321fc92-3a15-4701-8c09-9dc6eebd4d65","project4_1:daily-light-joy-main/src/components/ui/toggle-group.tsx","18","MAJOR","CODE_SMELL","The object passed as the value prop to the Context provider changes every render. To fix this consider wrapping it in a useMemo hook."
"0307bbde-efbd-433b-9a7d-003a40a86e03","project4_1:daily-light-joy-main/src/components/ui/use-toast.ts","3","MINOR","CODE_SMELL","Use `export???from` to re-export `toast`."
"cedb0566-fcb6-4732-9441-69fd3c5e9c75","project4_1:daily-light-joy-main/src/components/ui/use-toast.ts","3","MINOR","CODE_SMELL","Use `export???from` to re-export `useToast`."
"f60cbfab-ef73-4926-8f51-503b321e68ef","project4_1:daily-light-joy-main/src/hooks/use-mobile.tsx","9","MINOR","CODE_SMELL","Prefer `globalThis` over `window`."
"96940756-9238-49fe-a658-657c722e5ff1","project4_1:daily-light-joy-main/src/integrations/supabase/types.ts","145","MINOR","CODE_SMELL","'never' is overridden by other types in this union type."
"936ffe49-8656-45e2-9d60-fb989073f11d","project4_1:daily-light-joy-main/src/integrations/supabase/types.ts","162","MINOR","CODE_SMELL","'never' is overridden by other types in this union type."
"7ac988f7-4937-4e55-b0db-fab191ca91e5","project4_1:daily-light-joy-main/src/main.tsx","5","MINOR","CODE_SMELL","This assertion is unnecessary since it does not change the type of the expression."
"9ddd81a0-a30d-4578-b275-e70bf7ff9b22","project4_1:daily-light-joy-main/src/pages/Auth.tsx","71","MINOR","CODE_SMELL","Prefer `globalThis` over `window`."
"f34c2148-f7f1-4a86-bea1-8143fac450c4","project4_1:daily-light-joy-main/src/pages/Auth.tsx","106","MAJOR","CODE_SMELL","Ambiguous spacing after previous element span"
"78a7afbc-6508-44d9-b75f-8db0840ac419","project4_1:daily-light-joy-main/src/pages/Auth.tsx","120","MAJOR","CODE_SMELL","A form label must be associated with a control."
"a2494600-6935-4b0c-ac31-c2433d8f73a5","project4_1:daily-light-joy-main/src/pages/Auth.tsx","134","MAJOR","CODE_SMELL","A form label must be associated with a control."
"25b65201-9838-47a9-9063-32e1bf0018f2","project4_1:daily-light-joy-main/src/pages/Auth.tsx","155","MAJOR","CODE_SMELL","Extract this nested ternary operation into an independent statement."
"e0fa783b-e43f-4b74-8d92-e0f2cde19661","project4_1:daily-light-joy-main/src/pages/Index.tsx","18","MAJOR","CODE_SMELL","Remove this useless assignment to variable ""sendingEmail""."
"4450c118-3081-4b69-accd-60ba1d9334ac","project4_1:daily-light-joy-main/src/pages/Index.tsx","129","MAJOR","CODE_SMELL","Ambiguous spacing after previous element span"
"1c04b0ff-94a5-4fd2-8155-23fc027d36af","project4_1:daily-light-joy-main/src/pages/Index.tsx","146","MINOR","CODE_SMELL","Unexpected negated condition."
"4dba52c2-687a-40ad-b322-5ae5c5c85b08","project4_1:daily-light-joy-main/src/pages/Index.tsx","146","MAJOR","CODE_SMELL","Extract this nested ternary operation into an independent statement."
"bfbc8a60-98bd-4393-b2a9-ce058af1412b","project4_1:daily-light-joy-main/src/pages/Index.tsx","151","MINOR","CODE_SMELL","This assertion is unnecessary since the receiver accepts the original type of the expression."
"61840867-f8b6-4f91-8d01-e6918a2ebc1a","project4_1:daily-light-joy-main/src/test/setup.ts","3","MINOR","CODE_SMELL","Prefer `globalThis` over `window`."
"a7d87afe-85af-4b66-8d86-6b964966b070","project4_1:daily-light-joy-main/vite.config.ts","3","MINOR","CODE_SMELL","Prefer `node:path` over `path`."
"0e7fadc7-f745-4c6a-9bf6-8372243f2c7d","project4_1:daily-light-joy-main/vitest.config.ts","3","MINOR","CODE_SMELL","Prefer `node:path` over `path`."
"fa8d2dbe-093b-4b02-94ee-8db0bf9b340f","project3_2:plant-parent-pal-main/src/components/plants/AddPlantDialog.tsx","43","MINOR","CODE_SMELL","Mark the props of the component as read-only."
"4e7bc6d5-c76f-4464-9b18-52768b6422ac","project3_2:plant-parent-pal-main/src/components/plants/AddPlantDialog.tsx","311","MAJOR","CODE_SMELL","Extract this nested ternary operation into an independent statement."
"aad9501f-618f-4eaf-a8a8-da7db369d05d","project3_2:plant-parent-pal-main/src/components/plants/AddPlantDialog.tsx","412","MINOR","CODE_SMELL","Prefer `Number.parseInt` over `parseInt`."
"d598e260-50ae-4913-be50-022de380bc70","project3_2:plant-parent-pal-main/src/components/plants/AddPlantDialog.tsx","428","MINOR","CODE_SMELL","Prefer `Number.parseInt` over `parseInt`."
"722c9a30-b8c9-46ec-85ae-0aac45c1c929","project3_2:plant-parent-pal-main/src/components/plants/CareReminders.tsx","5","MINOR","CODE_SMELL","Remove this unused import of 'format'."
"8fb63f06-25e8-4d6e-b811-3002b75f79fb","project3_2:plant-parent-pal-main/src/components/plants/CareReminders.tsx","22","MINOR","CODE_SMELL","Mark the props of the component as read-only."
"d41bdaa9-7a87-4bd9-b5a2-01d26bcbd232","project3_2:plant-parent-pal-main/src/components/plants/PlantCard.tsx","24","MINOR","CODE_SMELL","Mark the props of the component as read-only."
"f21be9bf-acbf-4391-b797-a97e1527cba0","project3_2:plant-parent-pal-main/src/components/plants/PlantCard.tsx","63","MAJOR","CODE_SMELL","Avoid non-native interactive elements. If using native HTML is not possible, add an appropriate role and support for tabbing, mouse, keyboard, and touch inputs to an interactive content element."
"fa779b61-404c-4ee0-83ff-86c2af4dd418","project3_2:plant-parent-pal-main/src/components/plants/PlantCard.tsx","63","MINOR","BUG","Visible, non-interactive elements with click handlers must have at least one keyboard listener."
"1bf54dfe-925a-4dd9-8194-f3aee888eb28","project3_2:plant-parent-pal-main/src/components/plants/PlantCard.tsx","140","MAJOR","BUG","Convert the conditional to a boolean to avoid leaked value"
"bbeb503b-95ca-46c8-b59b-107c9a8387e4","project3_2:plant-parent-pal-main/src/components/plants/PlantCard.tsx","140","MAJOR","BUG","Convert the conditional to a boolean to avoid leaked value"
"12fc9fd1-63ba-442a-a630-736b07c20841","project3_2:plant-parent-pal-main/src/components/plants/PlantDetailDialog.tsx","2","MINOR","CODE_SMELL","Remove this unused import of 'getLightLabel'."
"6f5ef6b8-607b-4bb3-80cc-82036c6aa91e","project3_2:plant-parent-pal-main/src/components/plants/PlantDetailDialog.tsx","18","MINOR","CODE_SMELL","Remove this unused import of 'Thermometer'."
"ea0f6f60-ae2c-4aac-918c-bc794985ecea","project3_2:plant-parent-pal-main/src/components/plants/PlantDetailDialog.tsx","51","MINOR","CODE_SMELL","Mark the props of the component as read-only."
"ceb344a6-030c-4834-9142-4e20db1bbaaf","project3_2:plant-parent-pal-main/src/components/plants/PlantDetailDialog.tsx","98","MAJOR","CODE_SMELL","Remove this useless assignment to variable ""currentSeasonAdvice""."
"1d4097a0-e07d-4f41-8b89-fbcfae1f4a16","project3_2:plant-parent-pal-main/src/components/plants/PlantDetailDialog.tsx","156","MAJOR","CODE_SMELL","Extract this nested ternary operation into an independent statement."
"f2aa86f1-5c36-4d54-98b1-2319b8708a97","project3_2:plant-parent-pal-main/src/components/plants/PlantDetailDialog.tsx","227","MAJOR","CODE_SMELL","Extract this nested ternary operation into an independent statement."
"4785156e-7ea3-48a5-babe-1a32812eeb97","project3_2:plant-parent-pal-main/src/components/plants/PlantDetailDialog.tsx","318","MAJOR","CODE_SMELL","Do not use Array index in keys"
"814a9b03-33e7-49ba-8d99-54871b44bae6","project3_2:plant-parent-pal-main/src/components/plants/PlantDetailDialog.tsx","343","MAJOR","BUG","Convert the conditional to a boolean to avoid leaked value"
"5e46ed13-ccf5-4893-aaa5-b4cf67416f77","project3_2:plant-parent-pal-main/src/components/ui/alert.tsx","31","MAJOR","CODE_SMELL","Headings must have content and the content must be accessible by a screen reader."
"9036f3f5-2f38-47f1-8d46-3aa8a3931d3c","project3_2:plant-parent-pal-main/src/components/ui/breadcrumb.tsx","50","MAJOR","CODE_SMELL","Use <a href=...>, or <area href=...> instead of the ""link"" role to ensure accessibility across all devices."
"2e3e04b9-bea8-4155-8222-c75f062c7e38","project3_2:plant-parent-pal-main/src/components/ui/breadcrumb.tsx","63","MAJOR","CODE_SMELL","Use <img alt=...> instead of the ""presentation"" role to ensure accessibility across all devices."
"0ae71f64-4517-4bce-b19b-ac7848ecb49a","project3_2:plant-parent-pal-main/src/components/ui/breadcrumb.tsx","70","MAJOR","CODE_SMELL","Use <img alt=...> instead of the ""presentation"" role to ensure accessibility across all devices."
"333e90c6-f587-4fad-984f-2ab6c75025c6","project3_2:plant-parent-pal-main/src/components/ui/calendar.tsx","45","MAJOR","CODE_SMELL","Move this component definition out of the parent component and pass data as props."
"2d8d456e-4d44-48b9-abb9-267f83fc0784","project3_2:plant-parent-pal-main/src/components/ui/calendar.tsx","46","MAJOR","CODE_SMELL","Move this component definition out of the parent component and pass data as props."
"2a5872bc-28c2-4606-a504-3ccb7d337236","project3_2:plant-parent-pal-main/src/components/ui/card.tsx","19","MAJOR","CODE_SMELL","Headings must have content and the content must be accessible by a screen reader."
"35cd20a9-7536-4c2f-b29d-ec91cabdd08b","project3_2:plant-parent-pal-main/src/components/ui/carousel.tsx","107","MAJOR","CODE_SMELL","The object passed as the value prop to the Context provider changes every render. To fix this consider wrapping it in a useMemo hook."
"e18310ab-307d-4614-bc0c-21c206d77248","project3_2:plant-parent-pal-main/src/components/ui/carousel.tsx","118","MAJOR","CODE_SMELL","Use <section aria-label=...>, or <section aria-labelledby=...> instead of the ""region"" role to ensure accessibility across all devices."
"64262df0-7649-4bd1-8ec4-eacb2356f348","project3_2:plant-parent-pal-main/src/components/ui/carousel.tsx","156","MAJOR","CODE_SMELL","Use <details>, <fieldset>, <optgroup>, or <address> instead of the ""group"" role to ensure accessibility across all devices."
"193898da-218f-4d8b-9d31-f0dfbbc597f7","project3_2:plant-parent-pal-main/src/components/ui/chart.tsx","40","MINOR","CODE_SMELL","Prefer `String#replaceAll()` over `String#replace()`."
"c701e006-8938-465f-8cfe-3ba0bca31085","project3_2:plant-parent-pal-main/src/components/ui/chart.tsx","43","MAJOR","CODE_SMELL","The object passed as the value prop to the Context provider changes every render. To fix this consider wrapping it in a useMemo hook."
"6f6445e1-50ff-446d-95c0-07ac833039ec","project3_2:plant-parent-pal-main/src/components/ui/chart.tsx","161","MINOR","CODE_SMELL","Unexpected negated condition."
"8b2f9ad1-a54d-401b-a36e-d8882d027ab4","project3_2:plant-parent-pal-main/src/components/ui/chart.tsx","300","MINOR","CODE_SMELL","This assertion is unnecessary since it does not change the type of the expression."
"939eb91e-dc86-401c-a4dd-14f6ba00515f","project3_2:plant-parent-pal-main/src/components/ui/command.tsx","42","MAJOR","CODE_SMELL","Unknown property 'cmdk-input-wrapper' found"
"4f97f8d5-4c2c-4870-aba0-3054e040e60f","project3_2:plant-parent-pal-main/src/components/ui/form.tsx","27","MAJOR","CODE_SMELL","The object passed as the value prop to the Context provider changes every render. To fix this consider wrapping it in a useMemo hook."
"7b11ef48-0a02-4737-8773-0c73e081e764","project3_2:plant-parent-pal-main/src/components/ui/form.tsx","67","MAJOR","CODE_SMELL","The object passed as the value prop to the Context provider changes every render. To fix this consider wrapping it in a useMemo hook."
"dbbb000a-2c4c-4595-8f59-3879490efda0","project3_2:plant-parent-pal-main/src/components/ui/form.tsx","93","MINOR","CODE_SMELL","Unexpected negated condition."
"3dde47b9-df1f-4941-a206-5578649fd03e","project3_2:plant-parent-pal-main/src/components/ui/input-otp.tsx","54","MAJOR","CODE_SMELL","Use <hr> instead of the ""separator"" role to ensure accessibility across all devices."
"7ea06aaa-541e-40c8-be9d-64ec868a7488","project3_2:plant-parent-pal-main/src/components/ui/pagination.tsx","35","MINOR","CODE_SMELL","Anchors must have content and the content must be accessible by a screen reader."
"a687f9fd-d7f7-4d49-bdcc-d58338b1e147","project3_2:plant-parent-pal-main/src/components/ui/sidebar.tsx","87","MINOR","CODE_SMELL","Prefer `globalThis` over `window`."
"e087b29a-69b8-4130-bda4-1691104e3892","project3_2:plant-parent-pal-main/src/components/ui/sidebar.tsx","88","MINOR","CODE_SMELL","Prefer `globalThis` over `window`."
"be1aa5cf-ad19-46a3-a091-220717a8db25","project3_2:plant-parent-pal-main/src/components/ui/sonner.tsx","27","MINOR","CODE_SMELL","Use `export???from` to re-export `toast`."
"568ee097-b860-4683-af78-4db08bfd9412","project3_2:plant-parent-pal-main/src/components/ui/table.tsx","8","MAJOR","BUG","Add a valid header row or column to this ""<table>""."
"9554fb8d-0963-423e-b136-8e9c1a8fc877","project3_2:plant-parent-pal-main/src/components/ui/toggle-group.tsx","18","MAJOR","CODE_SMELL","The object passed as the value prop to the Context provider changes every render. To fix this consider wrapping it in a useMemo hook."
"40b363a5-459b-4af3-a6a3-fbfb6d20b287","project3_2:plant-parent-pal-main/src/components/ui/use-toast.ts","3","MINOR","CODE_SMELL","Use `export???from` to re-export `toast`."
"718f538b-8504-4aeb-8c83-31f52a2183f7","project3_2:plant-parent-pal-main/src/components/ui/use-toast.ts","3","MINOR","CODE_SMELL","Use `export???from` to re-export `useToast`."
"7d033089-fec7-4210-a957-a06f26adb489","project3_2:plant-parent-pal-main/src/hooks/use-mobile.tsx","9","MINOR","CODE_SMELL","Prefer `globalThis` over `window`."
"8ceeb79f-4f00-46ac-b3bb-af845b170b77","project3_2:plant-parent-pal-main/src/hooks/useAuth.tsx","16","MINOR","CODE_SMELL","Mark the props of the component as read-only."
"be38e06b-2eff-48e7-bba8-f71992ee064a","project3_2:plant-parent-pal-main/src/hooks/useAuth.tsx","42","MINOR","CODE_SMELL","Prefer `globalThis` over `window`."
"d7ee2074-f5a5-4b46-b27b-9c09492e425b","project3_2:plant-parent-pal-main/src/hooks/useAuth.tsx","70","MAJOR","CODE_SMELL","The object passed as the value prop to the Context provider changes every render. To fix this consider wrapping it in a useMemo hook."
"f172c9e9-6392-4023-ac0a-58ee37d9f0be","project3_2:plant-parent-pal-main/src/integrations/supabase/types.ts","314","MINOR","CODE_SMELL","'never' is overridden by other types in this union type."
"f4a921d4-8fe5-49f0-9d88-7b17d7672ec5","project3_2:plant-parent-pal-main/src/integrations/supabase/types.ts","331","MINOR","CODE_SMELL","'never' is overridden by other types in this union type."
"4339be51-5300-4f61-a8c7-9401536ec938","project3_2:plant-parent-pal-main/src/lib/care-utils.ts","4","CRITICAL","CODE_SMELL","Refactor this function to reduce its Cognitive Complexity from 23 to the 15 allowed."
"a9cea363-8e64-48e3-af91-1656cf3ed60f","project3_2:plant-parent-pal-main/src/lib/plant-images.ts","118","MINOR","CODE_SMELL","Replace this union type with a type alias."
"907db3da-2554-42b0-8941-5e42aa43c3af","project3_2:plant-parent-pal-main/src/lib/plant-images.ts","131","MAJOR","CODE_SMELL","Function 'analyzeLivingConditions' has too many parameters (8). Maximum allowed is 7."
"96469bbc-17b0-4afb-aae5-ed06a1069bf8","project3_2:plant-parent-pal-main/src/lib/plant-images.ts","131","CRITICAL","CODE_SMELL","Refactor this function to reduce its Cognitive Complexity from 16 to the 15 allowed."
"ba3f81dd-b93c-4d7a-9531-273abb11a54c","project3_2:plant-parent-pal-main/src/lib/plant-images.ts","262","MAJOR","CODE_SMELL","Extract this nested ternary operation into an independent statement."
"41934f15-30df-4ffa-aa1d-c773f6590858","project3_2:plant-parent-pal-main/src/main.tsx","5","MINOR","CODE_SMELL","This assertion is unnecessary since it does not change the type of the expression."
"371abce1-1807-496b-9fef-09d08f4c3ee5","project3_2:plant-parent-pal-main/src/test/setup.ts","3","MINOR","CODE_SMELL","Prefer `globalThis` over `window`."
"be2c5fea-b023-423c-801a-97f0a3af9b47","project3_2:plant-parent-pal-main/vite.config.ts","3","MINOR","CODE_SMELL","Prefer `node:path` over `path`."
"dfa54796-ea44-466d-b995-b1027d1a92fc","project3_2:plant-parent-pal-main/vitest.config.ts","3","MINOR","CODE_SMELL","Prefer `node:path` over `path`."
"9a63cdf0-b307-47f2-ba07-31805b71c8dc","project3_1:home-hub-time-main/index.html","6","INFO","CODE_SMELL","Complete the task associated to this ""TODO"" comment."
"842e14bd-ff31-43d9-90be-a7e6fe00c2aa","project3_1:home-hub-time-main/index.html","11","INFO","CODE_SMELL","Complete the task associated to this ""TODO"" comment."
"32b6891e-993d-4fc7-98e8-8a19ee2511e3","project3_1:home-hub-time-main/src/components/ui/alert.tsx","31","MAJOR","CODE_SMELL","Headings must have content and the content must be accessible by a screen reader."
"2e07a681-f28f-41b5-b01a-531df2363ec7","project3_1:home-hub-time-main/src/components/ui/breadcrumb.tsx","50","MAJOR","CODE_SMELL","Use <a href=...>, or <area href=...> instead of the ""link"" role to ensure accessibility across all devices."
"cfcc6078-bd4f-49cb-911e-06781a652993","project3_1:home-hub-time-main/src/components/ui/breadcrumb.tsx","63","MAJOR","CODE_SMELL","Use <img alt=...> instead of the ""presentation"" role to ensure accessibility across all devices."
"2c2a328c-45c4-471e-8024-94224b695632","project3_1:home-hub-time-main/src/components/ui/breadcrumb.tsx","70","MAJOR","CODE_SMELL","Use <img alt=...> instead of the ""presentation"" role to ensure accessibility across all devices."
"81fdf343-0e92-4e6a-ac68-de6614ddf6db","project3_1:home-hub-time-main/src/components/ui/calendar.tsx","47","MAJOR","CODE_SMELL","Move this component definition out of the parent component and pass data as props."
"d3110fa5-1407-47de-ae0d-bc7411b01954","project3_1:home-hub-time-main/src/components/ui/calendar.tsx","48","MAJOR","CODE_SMELL","Move this component definition out of the parent component and pass data as props."
"29324448-9b48-4cdb-9bca-0780348c74ca","project3_1:home-hub-time-main/src/components/ui/card.tsx","19","MAJOR","CODE_SMELL","Headings must have content and the content must be accessible by a screen reader."
"7845bdde-2ede-4f20-9976-e60c41335d46","project3_1:home-hub-time-main/src/components/ui/carousel.tsx","107","MAJOR","CODE_SMELL","The object passed as the value prop to the Context provider changes every render. To fix this consider wrapping it in a useMemo hook."
"80089b20-2ce3-4892-a5cf-69aa3db67e3a","project3_1:home-hub-time-main/src/components/ui/carousel.tsx","118","MAJOR","CODE_SMELL","Use <section aria-label=...>, or <section aria-labelledby=...> instead of the ""region"" role to ensure accessibility across all devices."
"87f168e8-9e86-4583-ae82-d46f1617676f","project3_1:home-hub-time-main/src/components/ui/carousel.tsx","156","MAJOR","CODE_SMELL","Use <details>, <fieldset>, <optgroup>, or <address> instead of the ""group"" role to ensure accessibility across all devices."
"6b98688e-294b-464f-960e-2fcd1feeac6a","project3_1:home-hub-time-main/src/components/ui/chart.tsx","40","MINOR","CODE_SMELL","Prefer `String#replaceAll()` over `String#replace()`."
"d5e1900c-3c49-45af-a37f-d8fdf07f4618","project3_1:home-hub-time-main/src/components/ui/chart.tsx","43","MAJOR","CODE_SMELL","The object passed as the value prop to the Context provider changes every render. To fix this consider wrapping it in a useMemo hook."
"b90e8275-a06a-4bba-8900-9c5da923b9a8","project3_1:home-hub-time-main/src/components/ui/chart.tsx","161","MINOR","CODE_SMELL","Unexpected negated condition."
"d6190fca-0065-445e-93d5-31de94ac3a45","project3_1:home-hub-time-main/src/components/ui/chart.tsx","300","MINOR","CODE_SMELL","This assertion is unnecessary since it does not change the type of the expression."
"f22c403e-c99d-4251-ab44-2731b4cce9a2","project3_1:home-hub-time-main/src/components/ui/command.tsx","42","MAJOR","CODE_SMELL","Unknown property 'cmdk-input-wrapper' found"
"d11cacf4-34af-41ec-a94a-96ae1d83b808","project3_1:home-hub-time-main/src/components/ui/form.tsx","27","MAJOR","CODE_SMELL","The object passed as the value prop to the Context provider changes every render. To fix this consider wrapping it in a useMemo hook."
"b77edf38-49b5-490f-a588-6f42a15aa250","project3_1:home-hub-time-main/src/components/ui/form.tsx","67","MAJOR","CODE_SMELL","The object passed as the value prop to the Context provider changes every render. To fix this consider wrapping it in a useMemo hook."
"f3f3409a-754c-4cbb-835c-c5f495c5a994","project3_1:home-hub-time-main/src/components/ui/form.tsx","93","MINOR","CODE_SMELL","Unexpected negated condition."
"740bf945-7317-43be-b639-052f0aca6288","project3_1:home-hub-time-main/src/components/ui/input-otp.tsx","54","MAJOR","CODE_SMELL","Use <hr> instead of the ""separator"" role to ensure accessibility across all devices."
"76ec0745-fc8e-4962-9d42-784f8433ce69","project3_1:home-hub-time-main/src/components/ui/pagination.tsx","35","MINOR","CODE_SMELL","Anchors must have content and the content must be accessible by a screen reader."
"cc9295da-01b1-4c4c-aab7-a936fd3312a5","project3_1:home-hub-time-main/src/components/ui/sidebar.tsx","87","MINOR","CODE_SMELL","Prefer `globalThis` over `window`."
"3fe43f6e-b95b-44c2-8bc7-77ef8cff684e","project3_1:home-hub-time-main/src/components/ui/sidebar.tsx","88","MINOR","CODE_SMELL","Prefer `globalThis` over `window`."
"5966ba73-446b-41ec-88ba-a38ef7fc23fc","project3_1:home-hub-time-main/src/components/ui/sonner.tsx","27","MINOR","CODE_SMELL","Use `export???from` to re-export `toast`."
"8b1556df-2449-4277-8b4b-b07317560cf4","project3_1:home-hub-time-main/src/components/ui/table.tsx","8","MAJOR","BUG","Add a valid header row or column to this ""<table>""."
"ab8150c0-4dd1-45c6-8f12-a0c754ef3d94","project3_1:home-hub-time-main/src/components/ui/toggle-group.tsx","18","MAJOR","CODE_SMELL","The object passed as the value prop to the Context provider changes every render. To fix this consider wrapping it in a useMemo hook."
"29fdb098-a36d-45df-9514-e24a9509ac66","project3_1:home-hub-time-main/src/components/ui/use-toast.ts","3","MINOR","CODE_SMELL","Use `export???from` to re-export `toast`."
"f56d89ab-b28b-4eed-898a-f3033e73e51e","project3_1:home-hub-time-main/src/components/ui/use-toast.ts","3","MINOR","CODE_SMELL","Use `export???from` to re-export `useToast`."
"4dc70242-ce0b-4ece-a97b-787b608ae8e7","project3_1:home-hub-time-main/src/hooks/use-mobile.tsx","9","MINOR","CODE_SMELL","Prefer `globalThis` over `window`."
"f7c2c34e-c322-4b83-b63f-33c9b845648d","project3_1:home-hub-time-main/src/integrations/supabase/types.ts","420","MINOR","CODE_SMELL","'never' is overridden by other types in this union type."
"092457b7-93c5-4988-834a-6d8dfb92ec77","project3_1:home-hub-time-main/src/main.tsx","5","MINOR","CODE_SMELL","This assertion is unnecessary since it does not change the type of the expression."
"595fa6cd-e21b-4f4e-a724-8b65d33ca8c9","project3_1:home-hub-time-main/src/pages/Auth.tsx","47","MINOR","CODE_SMELL","Prefer `globalThis` over `window`."
"d46a18f5-c0b0-4333-b4e3-c92cabc4fe0d","project3_1:home-hub-time-main/src/pages/Auth.tsx","158","MAJOR","CODE_SMELL","Extract this nested ternary operation into an independent statement."
"c565008c-4ac7-4303-a226-5b471867302a","project3_1:home-hub-time-main/src/pages/Dashboard.tsx","42","MAJOR","CODE_SMELL","Remove this useless assignment to variable ""session""."
"316b8d3c-7103-4ac5-82a1-88a1eedfcdec","project3_1:home-hub-time-main/src/pages/Dashboard.tsx","255","MAJOR","CODE_SMELL","Update this function so that its implementation is not identical to the one on line 244."
"68a6520e-458f-4ea7-8899-65dc2da42e00","project3_1:home-hub-time-main/src/pages/Dashboard.tsx","460","MINOR","BUG","Visible, non-interactive elements with click handlers must have at least one keyboard listener."
"7445b2b5-1a85-490b-a300-49e28f762dae","project3_1:home-hub-time-main/src/pages/Dashboard.tsx","460","MAJOR","CODE_SMELL","Avoid non-native interactive elements. If using native HTML is not possible, add an appropriate role and support for tabbing, mouse, keyboard, and touch inputs to an interactive content element."
"c7e5ab9f-7bdf-4d2d-b30b-60c2ef19c300","project3_1:home-hub-time-main/src/pages/Dashboard.tsx","461","MAJOR","CODE_SMELL","Do not use Array index in keys"
"b286461b-e921-46a6-84d3-a9ad59012ee1","project3_1:home-hub-time-main/src/pages/Dashboard.tsx","465","MAJOR","CODE_SMELL","Extract this nested ternary operation into an independent statement."
"03acd6fb-4e5e-4cb3-95d4-e9e71bb24086","project3_1:home-hub-time-main/src/pages/Dashboard.tsx","486","MAJOR","CODE_SMELL","Do not use Array index in keys"
"f999ac67-9fb0-4283-9dcc-a597b25d191d","project3_1:home-hub-time-main/src/pages/Dashboard.tsx","496","MINOR","CODE_SMELL","This assertion is unnecessary since it does not change the type of the expression."
"69fe1c43-5caf-46c6-9367-5f33c3b2175d","project3_1:home-hub-time-main/src/pages/Dashboard.tsx","505","MAJOR","CODE_SMELL","Remove this useless assignment to variable ""isRecurringInstance""."
"67ab8f3e-10a4-478e-bdb5-315bbc5999a4","project3_1:home-hub-time-main/src/pages/Dashboard.tsx","508","MAJOR","CODE_SMELL","Use <input type=""button"">, <input type=""image"">, <input type=""reset"">, <input type=""submit"">, or <button> instead of the ""button"" role to ensure accessibility across all devices."
"2ce5a873-9e1c-4e66-98e3-72a8fd7e044f","project3_1:home-hub-time-main/src/test/setup.ts","3","MINOR","CODE_SMELL","Prefer `globalThis` over `window`."
"f9d75798-f3c8-4a7e-9fee-cc934df20fef","project3_1:home-hub-time-main/vite.config.ts","3","MINOR","CODE_SMELL","Prefer `node:path` over `path`."
"e2d706ef-96b1-48cf-a113-c50466cc1334","project3_1:home-hub-time-main/vitest.config.ts","3","MINOR","CODE_SMELL","Prefer `node:path` over `path`."
"b19af70f-07a0-4bd2-8001-9a46027b964d","project2_2:dimwalker-main/index.html","6","INFO","CODE_SMELL","Complete the task associated to this ""TODO"" comment."
"66ab9048-c57d-4cc7-991b-75c39c842408","project2_2:dimwalker-main/index.html","11","INFO","CODE_SMELL","Complete the task associated to this ""TODO"" comment."
"621b311c-fd20-4fc1-b8cc-549406c9e81a","project2_2:dimwalker-main/src/components/game/GameScene.tsx","16","MINOR","CODE_SMELL","Prefer `String#codePointAt()` over `String#charCodeAt()`."
"a93c143a-ebbf-4f8e-9972-c9b48c34e712","project2_2:dimwalker-main/src/components/game/GameScene.tsx","145","MAJOR","CODE_SMELL","Unknown property 'args' found"
"d3199959-8fbf-4824-8935-09693ca74e1b","project2_2:dimwalker-main/src/components/game/GameScene.tsx","145","MAJOR","CODE_SMELL","Unknown property 'attach' found"
"52dcba2f-ed23-42e1-8be4-729923b133b1","project2_2:dimwalker-main/src/components/game/GameScene.tsx","146","MAJOR","CODE_SMELL","Unknown property 'args' found"
"d937a74d-a626-4ee8-ad2d-348bc55ca688","project2_2:dimwalker-main/src/components/game/GameScene.tsx","146","MAJOR","CODE_SMELL","Unknown property 'attach' found"
"cfdbe5df-0cb9-4e62-aa60-59896eaca15c","project2_2:dimwalker-main/src/components/game/ImagePortal.tsx","82","MAJOR","CODE_SMELL","Extract this nested ternary operation into an independent statement."
"3c8c98bf-238a-4f48-8768-a2d4028a3292","project2_2:dimwalker-main/src/components/game/ImagePortal.tsx","85","MAJOR","CODE_SMELL","Unknown property 'position' found"
"59463ac7-d7fb-4830-9684-ba21b5c66b89","project2_2:dimwalker-main/src/components/game/ImagePortal.tsx","85","MAJOR","CODE_SMELL","Unknown property 'rotation' found"
"939e09ee-f31a-439e-a943-570d157106c4","project2_2:dimwalker-main/src/components/game/ImagePortal.tsx","87","MAJOR","CODE_SMELL","Unknown property 'position' found"
"e37cb3af-eb5e-4335-928f-68d920d93bb4","project2_2:dimwalker-main/src/components/game/ImagePortal.tsx","88","MAJOR","CODE_SMELL","Unknown property 'args' found"
"e0fbc0f4-d64c-4927-91ed-82b2bcf08485","project2_2:dimwalker-main/src/components/game/ImagePortal.tsx","91","MAJOR","CODE_SMELL","Unknown property 'transparent' found"
"871bacca-d487-42f3-8ba3-bf5f4a4d8728","project2_2:dimwalker-main/src/components/game/ImagePortal.tsx","93","MAJOR","CODE_SMELL","Unknown property 'side' found"
"93077951-4f8c-4f36-98b3-b53fca09408c","project2_2:dimwalker-main/src/components/game/ImagePortal.tsx","94","MAJOR","CODE_SMELL","Unknown property 'blending' found"
"285409e2-4f9d-48cd-8d5a-359ff38e6f15","project2_2:dimwalker-main/src/components/game/ImagePortal.tsx","105","MAJOR","CODE_SMELL","Extract this nested ternary operation into an independent statement."
"236a56a9-2305-4992-8f54-58f2ad307021","project2_2:dimwalker-main/src/components/game/ImagePortal.tsx","106","MAJOR","CODE_SMELL","Unknown property 'metalness' found"
"bdf098e4-cd90-49b9-a8fe-1ccbe8304adf","project2_2:dimwalker-main/src/components/game/ImagePortal.tsx","107","MAJOR","CODE_SMELL","Unknown property 'roughness' found"
"54299a05-836e-4307-a557-2b9e2ea3ac1a","project2_2:dimwalker-main/src/components/game/ImagePortal.tsx","108","MAJOR","CODE_SMELL","Unknown property 'emissive' found"
"2baeb108-03f7-40f8-a212-2a2d8388ad20","project2_2:dimwalker-main/src/components/game/ImagePortal.tsx","109","MAJOR","CODE_SMELL","Unknown property 'emissiveIntensity' found"
"0404b2a8-5cdf-407f-abf6-864174ffa05b","project2_2:dimwalker-main/src/components/game/ImagePortal.tsx","114","MAJOR","CODE_SMELL","Unknown property 'position' found"
"11c3da56-5c81-4cfd-b648-13584651897c","project2_2:dimwalker-main/src/components/game/ImagePortal.tsx","115","MAJOR","CODE_SMELL","Unknown property 'args' found"
"8b943b3c-fe45-4e87-889b-35340c9d5cd1","project2_2:dimwalker-main/src/components/game/ImagePortal.tsx","118","MAJOR","CODE_SMELL","Extract this nested ternary operation into an independent statement."
"002ba538-6d58-4b49-930c-43893712f99c","project2_2:dimwalker-main/src/components/game/ImagePortal.tsx","122","MAJOR","CODE_SMELL","Unknown property 'map' found"
"b7080864-2934-4469-a9e6-b0bc4db8f821","project2_2:dimwalker-main/src/components/game/ImagePortal.tsx","123","MAJOR","CODE_SMELL","Unknown property 'side' found"
"16b46914-64a1-4252-941f-f545b7f7e716","project2_2:dimwalker-main/src/components/game/ImagePortal.tsx","132","MAJOR","CODE_SMELL","Unknown property 'position' found"
"7319736d-0c52-466d-a277-71a50fe76f3d","project2_2:dimwalker-main/src/components/game/ImagePortal.tsx","133","MAJOR","CODE_SMELL","Unknown property 'args' found"
"b5d431e3-48c5-425f-97a8-d4e3fde3ee4b","project2_2:dimwalker-main/src/components/game/ImagePortal.tsx","136","MAJOR","CODE_SMELL","Unknown property 'transparent' found"
"c2b10036-54f1-4890-96be-6337541480d4","project2_2:dimwalker-main/src/components/game/ImagePortal.tsx","138","MAJOR","CODE_SMELL","Unknown property 'blending' found"
"339f2d5c-448c-42ae-bfad-97b71d9e9f10","project2_2:dimwalker-main/src/components/game/ImagePortal.tsx","142","MAJOR","CODE_SMELL","Unknown property 'position' found"
"a66683e9-fa6b-4a9b-a393-3ec8aec91f38","project2_2:dimwalker-main/src/components/game/ImagePortal.tsx","144","MAJOR","CODE_SMELL","Unknown property 'args' found"
"b66932cd-f358-475c-9e0b-c598991c92a6","project2_2:dimwalker-main/src/components/game/ImagePortal.tsx","145","MAJOR","CODE_SMELL","Unknown property 'transparent' found"
"1bf16274-6bd7-4291-9bea-459f352f38f5","project2_2:dimwalker-main/src/components/game/ImagePortal.tsx","162","MAJOR","CODE_SMELL","Unknown property 'position' found"
"85bef5ba-c7c3-4262-b6c5-5a4820beefd6","project2_2:dimwalker-main/src/components/game/ImagePortal.tsx","164","MAJOR","CODE_SMELL","Unknown property 'args' found"
"e890862d-7206-45cc-8227-bc043c27f92c","project2_2:dimwalker-main/src/components/game/ImagePortal.tsx","165","MAJOR","CODE_SMELL","Unknown property 'transparent' found"
"e36c8691-002c-46ca-9238-1ebdb1766a97","project2_2:dimwalker-main/src/components/game/ImagePortal.tsx","180","MAJOR","CODE_SMELL","Unknown property 'position' found"
"abf7168c-6e55-45d9-bcda-2abfddf33a75","project2_2:dimwalker-main/src/components/game/ImagePortal.tsx","197","MAJOR","CODE_SMELL","Unknown property 'position' found"
"50c1ec56-3d45-43c3-90e5-57aac73548c5","project2_2:dimwalker-main/src/components/game/ImagePortal.tsx","199","MAJOR","CODE_SMELL","Unknown property 'args' found"
"c33a5cdd-4683-4014-8d51-092f9fb381b6","project2_2:dimwalker-main/src/components/game/Player.tsx","125","MINOR","CODE_SMELL","Prefer `globalThis` over `window`."
"8df4b504-da77-47a9-8a46-fe0165c67b45","project2_2:dimwalker-main/src/components/game/Player.tsx","126","MINOR","CODE_SMELL","Prefer `globalThis` over `window`."
"16ce1253-74b9-429a-b931-88ac0b4c520b","project2_2:dimwalker-main/src/components/game/Player.tsx","127","MINOR","CODE_SMELL","Prefer `globalThis` over `window`."
"edad3965-c3ec-4a0d-82e6-30a980412d15","project2_2:dimwalker-main/src/components/game/Player.tsx","132","MINOR","CODE_SMELL","Prefer `globalThis` over `window`."
"3ca3f476-c172-4e82-8aef-22f7002a70ca","project2_2:dimwalker-main/src/components/game/Player.tsx","133","MINOR","CODE_SMELL","Prefer `globalThis` over `window`."
"dffe033e-e74b-4f52-96b9-cda7a6452947","project2_2:dimwalker-main/src/components/game/Player.tsx","134","MINOR","CODE_SMELL","Prefer `globalThis` over `window`."
"c9c3d8f4-39ef-489e-95b4-1adc5b3cd47b","project2_2:dimwalker-main/src/components/game/SpaceEnvironment.tsx","125","MAJOR","CODE_SMELL","Unknown property 'intensity' found"
"33d7dda4-77cc-4f65-b8cb-bd296625713c","project2_2:dimwalker-main/src/components/game/SpaceEnvironment.tsx","126","MAJOR","CODE_SMELL","Unknown property 'intensity' found"
"c2991c5a-4a47-4ec6-b75a-01c1ea66764a","project2_2:dimwalker-main/src/components/game/SpaceEnvironment.tsx","126","MAJOR","CODE_SMELL","Unknown property 'position' found"
"7a9d5588-c991-433b-8a83-ba58085f5e31","project2_2:dimwalker-main/src/components/game/SpaceEnvironment.tsx","127","MAJOR","CODE_SMELL","Unknown property 'position' found"
"7d2c7802-398e-46d0-95c0-b3d7f5aa7982","project2_2:dimwalker-main/src/components/game/SpaceEnvironment.tsx","127","MAJOR","CODE_SMELL","Unknown property 'intensity' found"
"4210ee65-1393-4810-96ad-04319111cfd5","project2_2:dimwalker-main/src/components/game/SpaceEnvironment.tsx","128","MAJOR","CODE_SMELL","Unknown property 'position' found"
"ec5747cc-89f3-4159-8071-44efafa6aaf3","project2_2:dimwalker-main/src/components/game/SpaceEnvironment.tsx","128","MAJOR","CODE_SMELL","Unknown property 'intensity' found"
"84051fae-5d0b-4671-9e6a-d499e00721f3","project2_2:dimwalker-main/src/components/game/SpaceEnvironment.tsx","145","MAJOR","CODE_SMELL","Unknown property 'attach' found"
"91acdd11-5a35-48d4-b249-dd7b160bf3fb","project2_2:dimwalker-main/src/components/game/SpaceEnvironment.tsx","146","MAJOR","CODE_SMELL","Unknown property 'count' found"
"57cb15c4-135c-4e38-9177-240263ecc658","project2_2:dimwalker-main/src/components/game/SpaceEnvironment.tsx","147","MAJOR","CODE_SMELL","Unknown property 'array' found"
"18ceab0b-1b0a-45dc-940d-ac48e79cd76b","project2_2:dimwalker-main/src/components/game/SpaceEnvironment.tsx","148","MAJOR","CODE_SMELL","Unknown property 'itemSize' found"
"20841ee3-d03d-4fd7-930e-749e315d4350","project2_2:dimwalker-main/src/components/game/SpaceEnvironment.tsx","151","MAJOR","CODE_SMELL","Unknown property 'attach' found"
"0057bd8a-3c5a-4c56-98e4-169f67a8bcd0","project2_2:dimwalker-main/src/components/game/SpaceEnvironment.tsx","152","MAJOR","CODE_SMELL","Unknown property 'count' found"
"39ec6f84-719b-41e0-aa18-de544b37b81e","project2_2:dimwalker-main/src/components/game/SpaceEnvironment.tsx","153","MAJOR","CODE_SMELL","Unknown property 'array' found"
"68623036-611a-474c-9d06-6b324c342f57","project2_2:dimwalker-main/src/components/game/SpaceEnvironment.tsx","154","MAJOR","CODE_SMELL","Unknown property 'itemSize' found"
"5e81caf0-0fc1-45f0-a804-7f58a4516829","project2_2:dimwalker-main/src/components/game/SpaceEnvironment.tsx","159","MAJOR","CODE_SMELL","Unknown property 'vertexColors' found"
"d7a585d0-4f8d-4604-b5d2-8ad7711b3c4c","project2_2:dimwalker-main/src/components/game/SpaceEnvironment.tsx","160","MAJOR","CODE_SMELL","Unknown property 'transparent' found"
"b83e2500-c819-40fa-a069-0dcc219b37ee","project2_2:dimwalker-main/src/components/game/SpaceEnvironment.tsx","162","MAJOR","CODE_SMELL","Unknown property 'sizeAttenuation' found"
"9ee2422f-393f-45c3-a66d-075facb33902","project2_2:dimwalker-main/src/components/game/SpaceEnvironment.tsx","163","MAJOR","CODE_SMELL","Unknown property 'blending' found"
"1a311251-0aa9-4f1b-8271-2bfa03e34e2e","project2_2:dimwalker-main/src/components/game/SpaceEnvironment.tsx","171","MAJOR","CODE_SMELL","Unknown property 'attach' found"
"c521a524-c3dc-4c48-ad58-9abb2b3e5ab4","project2_2:dimwalker-main/src/components/game/SpaceEnvironment.tsx","172","MAJOR","CODE_SMELL","Unknown property 'count' found"
"80b61a41-c2f6-416e-8125-bcf78a06f4f6","project2_2:dimwalker-main/src/components/game/SpaceEnvironment.tsx","173","MAJOR","CODE_SMELL","Unknown property 'array' found"
"69661c24-6769-4312-b03d-50796abd3657","project2_2:dimwalker-main/src/components/game/SpaceEnvironment.tsx","174","MAJOR","CODE_SMELL","Unknown property 'itemSize' found"
"9e2a1c18-37f7-458b-9a8e-0996fc8605cd","project2_2:dimwalker-main/src/components/game/SpaceEnvironment.tsx","180","MAJOR","CODE_SMELL","Unknown property 'transparent' found"
"7c328d00-92ca-4bc0-8a62-a219b58204d6","project2_2:dimwalker-main/src/components/game/SpaceEnvironment.tsx","182","MAJOR","CODE_SMELL","Unknown property 'sizeAttenuation' found"
"5f96e330-69d7-4630-8066-b9ec4b4e296a","project2_2:dimwalker-main/src/components/game/SpaceEnvironment.tsx","190","MAJOR","CODE_SMELL","Unknown property 'attach' found"
"98cc05f3-f329-43b9-9233-4fe2200d0ec6","project2_2:dimwalker-main/src/components/game/SpaceEnvironment.tsx","191","MAJOR","CODE_SMELL","Unknown property 'count' found"
"3724a2a2-aad6-4c4a-9da9-1001ba3e7f82","project2_2:dimwalker-main/src/components/game/SpaceEnvironment.tsx","192","MAJOR","CODE_SMELL","Unknown property 'array' found"
"bbc63108-b7e4-48c0-9852-0935d4f4e59e","project2_2:dimwalker-main/src/components/game/SpaceEnvironment.tsx","193","MAJOR","CODE_SMELL","Unknown property 'itemSize' found"
"aebe84c6-3273-4a15-a3e7-f39579e107f1","project2_2:dimwalker-main/src/components/game/SpaceEnvironment.tsx","196","MAJOR","CODE_SMELL","Unknown property 'attach' found"
"ff3011ff-ca87-48b2-87c2-1b0a90eb77d7","project2_2:dimwalker-main/src/components/game/SpaceEnvironment.tsx","197","MAJOR","CODE_SMELL","Unknown property 'count' found"
"9a7a5b86-7941-49c2-8c03-6f852e537371","project2_2:dimwalker-main/src/components/game/SpaceEnvironment.tsx","198","MAJOR","CODE_SMELL","Unknown property 'array' found"
"d65afc47-75a9-489e-abfa-86e1177edb46","project2_2:dimwalker-main/src/components/game/SpaceEnvironment.tsx","199","MAJOR","CODE_SMELL","Unknown property 'itemSize' found"
"39f59b0e-5670-4b25-9dad-c68b5ff32128","project2_2:dimwalker-main/src/components/game/SpaceEnvironment.tsx","204","MAJOR","CODE_SMELL","Unknown property 'vertexColors' found"
"6152a9ff-a8af-4a77-af70-29ab012a1f40","project2_2:dimwalker-main/src/components/game/SpaceEnvironment.tsx","205","MAJOR","CODE_SMELL","Unknown property 'transparent' found"
"b3fd921a-db4d-424e-a73a-1c01fa7d6fd6","project2_2:dimwalker-main/src/components/game/SpaceEnvironment.tsx","207","MAJOR","CODE_SMELL","Unknown property 'sizeAttenuation' found"
"deb21b1a-82fd-4043-868a-3d0ca355ad85","project2_2:dimwalker-main/src/components/game/SpaceEnvironment.tsx","208","MAJOR","CODE_SMELL","Unknown property 'blending' found"
"70dd7409-148d-4101-8217-44ab6dd4be63","project2_2:dimwalker-main/src/components/game/Spirits.tsx","58","MAJOR","CODE_SMELL","Unknown property 'args' found"
"281c057c-a6ee-48e0-bf3e-2f0a4f2d1d51","project2_2:dimwalker-main/src/components/game/Spirits.tsx","61","MAJOR","CODE_SMELL","Unknown property 'transparent' found"
"0d1f079a-ccde-4ece-97ae-220cf35e245d","project2_2:dimwalker-main/src/components/game/Spirits.tsx","68","MAJOR","CODE_SMELL","Unknown property 'args' found"
"df67a7f6-751f-466e-bced-8a1785dcfb88","project2_2:dimwalker-main/src/components/game/Spirits.tsx","71","MAJOR","CODE_SMELL","Unknown property 'transparent' found"
"3b706a72-e639-413d-aecf-3491b291ea84","project2_2:dimwalker-main/src/components/game/Spirits.tsx","77","MAJOR","CODE_SMELL","Unknown property 'rotation' found"
"366b4439-9c00-4d86-9662-b23b47f075b9","project2_2:dimwalker-main/src/components/game/Spirits.tsx","78","MAJOR","CODE_SMELL","Unknown property 'args' found"
"503af449-35a0-4a1b-bde9-84182184c9c6","project2_2:dimwalker-main/src/components/game/Spirits.tsx","81","MAJOR","CODE_SMELL","Unknown property 'transparent' found"
"1a79ce24-7f29-4a64-b9b2-3755d9521cc9","project2_2:dimwalker-main/src/components/game/Spirits.tsx","83","MAJOR","CODE_SMELL","Unknown property 'side' found"
"3cfd5f06-a34c-4b52-a2b7-8d4b1370430a","project2_2:dimwalker-main/src/components/game/Spirits.tsx","88","MAJOR","CODE_SMELL","Unknown property 'geometry' found"
"f99113e0-05ef-4624-8b39-de43b315773f","project2_2:dimwalker-main/src/components/game/Spirits.tsx","92","MAJOR","CODE_SMELL","Unknown property 'transparent' found"
"f0192093-e47d-495d-a142-6bed0aa77e09","project2_2:dimwalker-main/src/components/game/Spirits.tsx","94","MAJOR","CODE_SMELL","Unknown property 'sizeAttenuation' found"
"791bf934-e81e-45f8-a883-01e5df149d21","project2_2:dimwalker-main/src/components/game/Spirits.tsx","95","MAJOR","CODE_SMELL","Unknown property 'blending' found"
"449804c7-1c2c-4e00-a4ac-21fe53937694","project2_2:dimwalker-main/src/components/game/Spirits.tsx","107","MINOR","CODE_SMELL","Don't use a zero fraction in the number."
"72f9d8f1-c768-4713-adce-2a8874c40a6b","project2_2:dimwalker-main/src/components/game/Spirits.tsx","116","MAJOR","CODE_SMELL","Do not use Array index in keys"
"7c50c2b0-ac29-4a26-a483-07aaa23a6d67","project2_2:dimwalker-main/src/components/game/VisitedGallery.tsx","38","MAJOR","CODE_SMELL","Avoid non-native interactive elements. If using native HTML is not possible, add an appropriate role and support for tabbing, mouse, keyboard, and touch inputs to an interactive content element."
"f5ab6318-c999-4ef9-b733-1da710256da0","project2_2:dimwalker-main/src/components/game/VisitedGallery.tsx","38","MINOR","BUG","Visible, non-interactive elements with click handlers must have at least one keyboard listener."
"9f95e512-894d-486a-ac61-2bcf4e37826a","project2_2:dimwalker-main/src/components/game/VisitedGallery.tsx","42","MINOR","BUG","Visible, non-interactive elements with click handlers must have at least one keyboard listener."
"b5bca2bf-4cbc-444c-9f4e-aa0f4b54e76c","project2_2:dimwalker-main/src/components/game/VisitedGallery.tsx","42","MAJOR","CODE_SMELL","Avoid non-native interactive elements. If using native HTML is not possible, add an appropriate role and support for tabbing, mouse, keyboard, and touch inputs to an interactive content element."
"0da23ae2-3d8e-4ae9-9cc1-1a7d7077cd8c","project2_2:dimwalker-main/src/components/game/VisitedGallery.tsx","86","MAJOR","CODE_SMELL","Avoid non-native interactive elements. If using native HTML is not possible, add an appropriate role and support for tabbing, mouse, keyboard, and touch inputs to an interactive content element."
"376ae28f-3ac9-4e7f-bdce-1b1ce8e2be54","project2_2:dimwalker-main/src/components/game/VisitedGallery.tsx","86","MINOR","BUG","Visible, non-interactive elements with click handlers must have at least one keyboard listener."
"317eb8cd-b636-4dd4-ab64-5ca41c5e730a","project2_2:dimwalker-main/src/components/ui/alert.tsx","31","MAJOR","CODE_SMELL","Headings must have content and the content must be accessible by a screen reader."
"dfb906df-b101-41c4-a312-9d79421f9c71","project2_2:dimwalker-main/src/components/ui/breadcrumb.tsx","50","MAJOR","CODE_SMELL","Use <a href=...>, or <area href=...> instead of the ""link"" role to ensure accessibility across all devices."
"2032b6c1-5735-4e05-b61a-bb49814a07f2","project2_2:dimwalker-main/src/components/ui/breadcrumb.tsx","63","MAJOR","CODE_SMELL","Use <img alt=...> instead of the ""presentation"" role to ensure accessibility across all devices."
"baa71ec4-b19f-4823-bd72-36a13102ae0f","project2_2:dimwalker-main/src/components/ui/breadcrumb.tsx","70","MAJOR","CODE_SMELL","Use <img alt=...> instead of the ""presentation"" role to ensure accessibility across all devices."
"9de192b7-6993-459d-958d-ce656d7aff84","project2_2:dimwalker-main/src/components/ui/calendar.tsx","45","MAJOR","CODE_SMELL","Move this component definition out of the parent component and pass data as props."
"866ea52e-d975-4e8f-b4ed-c0ec4ada2697","project2_2:dimwalker-main/src/components/ui/calendar.tsx","46","MAJOR","CODE_SMELL","Move this component definition out of the parent component and pass data as props."
"58332469-2b94-43e4-a375-fdbc7823948e","project2_2:dimwalker-main/src/components/ui/card.tsx","19","MAJOR","CODE_SMELL","Headings must have content and the content must be accessible by a screen reader."
"1494a8bf-1267-4fd2-87c4-82697854cfbf","project2_2:dimwalker-main/src/components/ui/carousel.tsx","107","MAJOR","CODE_SMELL","The object passed as the value prop to the Context provider changes every render. To fix this consider wrapping it in a useMemo hook."
"f78f130b-9ee7-4e17-8604-1ed6953188a0","project2_2:dimwalker-main/src/components/ui/carousel.tsx","118","MAJOR","CODE_SMELL","Use <section aria-label=...>, or <section aria-labelledby=...> instead of the ""region"" role to ensure accessibility across all devices."
"314b46b8-26d4-4c94-ae65-585ff18fa39e","project2_2:dimwalker-main/src/components/ui/carousel.tsx","156","MAJOR","CODE_SMELL","Use <details>, <fieldset>, <optgroup>, or <address> instead of the ""group"" role to ensure accessibility across all devices."
"2b394ec9-39d6-4a91-9fd0-f8c83023d83a","project2_2:dimwalker-main/src/components/ui/chart.tsx","40","MINOR","CODE_SMELL","Prefer `String#replaceAll()` over `String#replace()`."
"f3b87ad4-b9c6-46f6-a749-cd4f36e12ff4","project2_2:dimwalker-main/src/components/ui/chart.tsx","43","MAJOR","CODE_SMELL","The object passed as the value prop to the Context provider changes every render. To fix this consider wrapping it in a useMemo hook."
"683622b5-1273-4e4a-8c79-04edc0d7144e","project2_2:dimwalker-main/src/components/ui/chart.tsx","161","MINOR","CODE_SMELL","Unexpected negated condition."
"8da12694-2fb9-4b99-8f26-8d5184464efb","project2_2:dimwalker-main/src/components/ui/chart.tsx","300","MINOR","CODE_SMELL","This assertion is unnecessary since it does not change the type of the expression."
"db86be1c-6938-4ca0-8a62-49b07b4c1e25","project2_2:dimwalker-main/src/components/ui/command.tsx","42","MAJOR","CODE_SMELL","Unknown property 'cmdk-input-wrapper' found"
"9c1df2ec-6168-4adf-9752-41bb599bde12","project2_2:dimwalker-main/src/components/ui/form.tsx","27","MAJOR","CODE_SMELL","The object passed as the value prop to the Context provider changes every render. To fix this consider wrapping it in a useMemo hook."
"0bc92413-260d-4707-95f5-85ea024e8b46","project2_2:dimwalker-main/src/components/ui/form.tsx","67","MAJOR","CODE_SMELL","The object passed as the value prop to the Context provider changes every render. To fix this consider wrapping it in a useMemo hook."
"0daf124b-f84f-4d30-8a70-75f4631df6fe","project2_2:dimwalker-main/src/components/ui/form.tsx","93","MINOR","CODE_SMELL","Unexpected negated condition."
"8fed1634-d15d-46b0-87be-3e70895522e7","project2_2:dimwalker-main/src/components/ui/input-otp.tsx","54","MAJOR","CODE_SMELL","Use <hr> instead of the ""separator"" role to ensure accessibility across all devices."
"7bdaed96-378f-43ee-93f3-29373dd9e96e","project2_2:dimwalker-main/src/components/ui/pagination.tsx","35","MINOR","CODE_SMELL","Anchors must have content and the content must be accessible by a screen reader."
"2fd420a4-4967-4078-a213-13faf1236579","project2_2:dimwalker-main/src/components/ui/sidebar.tsx","87","MINOR","CODE_SMELL","Prefer `globalThis` over `window`."
"cdeacfd0-4fdb-4424-a0e3-748548b68cf5","project2_2:dimwalker-main/src/components/ui/sidebar.tsx","88","MINOR","CODE_SMELL","Prefer `globalThis` over `window`."
"ea5a21d4-e883-4a5e-bea5-bc89540895a4","project2_2:dimwalker-main/src/components/ui/sonner.tsx","27","MINOR","CODE_SMELL","Use `export???from` to re-export `toast`."
"1671d2f8-6584-4450-a0ad-f5603022ce01","project2_2:dimwalker-main/src/components/ui/table.tsx","8","MAJOR","BUG","Add a valid header row or column to this ""<table>""."
"4b5b8b3e-ae7e-44b0-9309-5618891d7043","project2_2:dimwalker-main/src/components/ui/toggle-group.tsx","18","MAJOR","CODE_SMELL","The object passed as the value prop to the Context provider changes every render. To fix this consider wrapping it in a useMemo hook."
"2f525867-beae-465d-a5ff-f519e73aa69d","project2_2:dimwalker-main/src/components/ui/use-toast.ts","3","MINOR","CODE_SMELL","Use `export???from` to re-export `toast`."
"6d3908c7-5371-459a-9111-3cd61fbad41e","project2_2:dimwalker-main/src/components/ui/use-toast.ts","3","MINOR","CODE_SMELL","Use `export???from` to re-export `useToast`."
"4907b9c7-7213-4840-837a-4c7a63c5b180","project2_2:dimwalker-main/src/hooks/use-mobile.tsx","9","MINOR","CODE_SMELL","Prefer `globalThis` over `window`."
"fe60d0dd-a118-4810-86ef-ea5adf81a964","project2_2:dimwalker-main/src/hooks/useAuth.tsx","50","MINOR","CODE_SMELL","Prefer `globalThis` over `window`."
"3974c11b-4d1e-4aae-babc-ca46e8173559","project2_2:dimwalker-main/src/hooks/useAuth.tsx","74","MAJOR","CODE_SMELL","The object passed as the value prop to the Context provider changes every render. To fix this consider wrapping it in a useMemo hook."
"443a0cec-8db1-4450-b3c3-511007eeabc8","project2_2:dimwalker-main/src/integrations/supabase/types.ts","169","MINOR","CODE_SMELL","'never' is overridden by other types in this union type."
"a5c72021-2d5a-4aa2-b04e-e777e82da02f","project2_2:dimwalker-main/src/integrations/supabase/types.ts","186","MINOR","CODE_SMELL","'never' is overridden by other types in this union type."
"2bd5940b-66b9-4e65-a5b9-e6682993488f","project2_2:dimwalker-main/src/main.tsx","5","MINOR","CODE_SMELL","This assertion is unnecessary since it does not change the type of the expression."
"304aa80b-8a27-4b78-9da9-95f735c21b39","project2_2:dimwalker-main/src/pages/Auth.tsx","64","MINOR","CODE_SMELL","Handle this exception or don't catch it at all."
"dc3e32bd-4494-4969-82d5-6e2fb8220524","project2_2:dimwalker-main/src/pages/Auth.tsx","81","MAJOR","CODE_SMELL","Do not use Array index in keys"
"378fca39-0b3e-41d8-9170-a24320f6a830","project2_2:dimwalker-main/src/pages/Auth.tsx","127","MAJOR","CODE_SMELL","Extract this nested ternary operation into an independent statement."
"0760bdc6-e4d4-4196-9b42-3ec9d6dc1bf2","project2_2:dimwalker-main/src/test/setup.ts","3","MINOR","CODE_SMELL","Prefer `globalThis` over `window`."
"ad3b9986-5e0c-4600-850d-f755745e9ff3","project2_2:dimwalker-main/vite.config.ts","3","MINOR","CODE_SMELL","Prefer `node:path` over `path`."
"f21bd95b-df7e-45c4-8b7d-8f0d509909c8","project2_2:dimwalker-main/vitest.config.ts","3","MINOR","CODE_SMELL","Prefer `node:path` over `path`."
"2be7d420-9a95-4d96-971e-ab78809b1d49","project2_1:wikimap-main/src/components/MapExplorer.tsx","78","MAJOR","CODE_SMELL","Remove this useless assignment to variable ""ageFilter""."
"a4b14475-c809-4748-bbe4-cf4b234e514c","project2_1:wikimap-main/src/components/menu/AnalyticsPanel.tsx","25","MINOR","CODE_SMELL","Prefer `String#replaceAll()` over `String#replace()`."
"ef129144-8f86-45a2-a256-24efcee20fe3","project2_1:wikimap-main/src/components/menu/AnalyticsPanel.tsx","79","MINOR","CODE_SMELL","Mark the props of the component as read-only."
"a1d4cb55-86de-42e7-b432-435a59f1a54e","project2_1:wikimap-main/src/components/menu/AnalyticsPanel.tsx","246","MAJOR","CODE_SMELL","Extract this nested ternary operation into an independent statement."
"7afdf244-6752-44d4-a750-f793281888c8","project2_1:wikimap-main/src/components/menu/AnalyticsPanel.tsx","247","MAJOR","CODE_SMELL","Extract this nested ternary operation into an independent statement."
"814e01e2-ab00-483f-a3b8-8460a97a8ff7","project2_1:wikimap-main/src/components/menu/FavoritesPanel.tsx","11","MINOR","CODE_SMELL","Mark the props of the component as read-only."
"b6b72bd8-e069-4daf-8fd5-d4081fe5adec","project2_1:wikimap-main/src/components/menu/FiltersPanel.tsx","34","MINOR","CODE_SMELL","Mark the props of the component as read-only."
"cb111b62-cee7-4f3a-9036-af8f93debaf8","project2_1:wikimap-main/src/components/menu/LanguagePanel.tsx","14","MINOR","CODE_SMELL","Mark the props of the component as read-only."
"1014d299-ee68-49f0-9d8b-495e97927e41","project2_1:wikimap-main/src/components/menu/RightMenu.tsx","35","MINOR","CODE_SMELL","Mark the props of the component as read-only."
"06421373-a002-4cbd-909e-c7a7577751c0","project2_1:wikimap-main/src/components/places/PlaceCard.tsx","2","MINOR","CODE_SMELL","Remove this unused import of 'ExternalLink'."
"6aadd504-d3a5-4d05-99c4-7d2925c8deaa","project2_1:wikimap-main/src/components/places/PlaceCard.tsx","12","MINOR","CODE_SMELL","Mark the props of the component as read-only."
"9f62cb14-fbb3-4a39-a0d7-4d1fdc6ab9f4","project2_1:wikimap-main/src/components/places/PlaceDetail.tsx","4","MINOR","CODE_SMELL","Remove this unused import of 'MapPin'."
"7ad5f8cf-594b-42f3-8344-4fbe5399c7b1","project2_1:wikimap-main/src/components/places/PlaceDetail.tsx","28","MINOR","CODE_SMELL","Mark the props of the component as read-only."
"bafe8294-442a-4c02-b72d-e3e72754e1f1","project2_1:wikimap-main/src/components/places/PlaceDetail.tsx","105","MINOR","CODE_SMELL","Prefer `globalThis` over `window`."
"777ef2be-eedf-4277-b6ae-d318e93c5b7e","project2_1:wikimap-main/src/components/places/PlaceDetail.tsx","219","MAJOR","CODE_SMELL","Extract this nested ternary operation into an independent statement."
"90862874-e4c7-4467-9e1b-1ebf291eca49","project2_1:wikimap-main/src/components/places/PlaceDetail.tsx","236","MAJOR","CODE_SMELL","Extract this nested ternary operation into an independent statement."
"1eb809e0-97b6-4c02-accf-3f99777902f0","project2_1:wikimap-main/src/components/places/PlacesList.tsx","13","MINOR","CODE_SMELL","Mark the props of the component as read-only."
"b183cb3f-ad9a-4ad9-bfa8-b6c4828210b5","project2_1:wikimap-main/src/components/search/FilterChips.tsx","22","MINOR","CODE_SMELL","Mark the props of the component as read-only."
"48c451c5-2cf7-4956-892a-805e4738d1c8","project2_1:wikimap-main/src/components/search/SearchBar.tsx","19","MINOR","CODE_SMELL","Mark the props of the component as read-only."
"aa9c13d6-1709-4e73-993b-f0b8f2aed317","project2_1:wikimap-main/src/components/ui/alert.tsx","31","MAJOR","CODE_SMELL","Headings must have content and the content must be accessible by a screen reader."
"f3fe369a-e68a-447f-8404-37c424924b34","project2_1:wikimap-main/src/components/ui/breadcrumb.tsx","50","MAJOR","CODE_SMELL","Use <a href=...>, or <area href=...> instead of the ""link"" role to ensure accessibility across all devices."
"41e2dfdd-904a-4205-b9e1-4ec7e7767bf4","project2_1:wikimap-main/src/components/ui/breadcrumb.tsx","63","MAJOR","CODE_SMELL","Use <img alt=...> instead of the ""presentation"" role to ensure accessibility across all devices."
"b8138013-2791-4237-9724-b85981e38641","project2_1:wikimap-main/src/components/ui/breadcrumb.tsx","70","MAJOR","CODE_SMELL","Use <img alt=...> instead of the ""presentation"" role to ensure accessibility across all devices."
"36a09b50-6fdc-41bd-903b-4308090be591","project2_1:wikimap-main/src/components/ui/calendar.tsx","45","MAJOR","CODE_SMELL","Move this component definition out of the parent component and pass data as props."
"d10d4b3d-af0d-4471-8b56-d0c1124bd984","project2_1:wikimap-main/src/components/ui/calendar.tsx","46","MAJOR","CODE_SMELL","Move this component definition out of the parent component and pass data as props."
"3ae7a5e9-1f61-42b5-9495-1e01b2b53ff0","project2_1:wikimap-main/src/components/ui/card.tsx","19","MAJOR","CODE_SMELL","Headings must have content and the content must be accessible by a screen reader."
"54eac922-b50b-4ff6-965e-784b1a83fd15","project2_1:wikimap-main/src/components/ui/carousel.tsx","107","MAJOR","CODE_SMELL","The object passed as the value prop to the Context provider changes every render. To fix this consider wrapping it in a useMemo hook."
"0ea86e80-32f0-4d1f-8932-6861f6c894b4","project2_1:wikimap-main/src/components/ui/carousel.tsx","118","MAJOR","CODE_SMELL","Use <section aria-label=...>, or <section aria-labelledby=...> instead of the ""region"" role to ensure accessibility across all devices."
"c42b4ce0-a8e3-4e53-81f5-5ce96ec144fd","project2_1:wikimap-main/src/components/ui/carousel.tsx","156","MAJOR","CODE_SMELL","Use <details>, <fieldset>, <optgroup>, or <address> instead of the ""group"" role to ensure accessibility across all devices."
"36ecc8c9-4473-4abd-8fb0-79fd65108ce1","project2_1:wikimap-main/src/components/ui/chart.tsx","40","MINOR","CODE_SMELL","Prefer `String#replaceAll()` over `String#replace()`."
"fb7db011-2627-42b8-b0bc-913cc33aa6b2","project2_1:wikimap-main/src/components/ui/chart.tsx","43","MAJOR","CODE_SMELL","The object passed as the value prop to the Context provider changes every render. To fix this consider wrapping it in a useMemo hook."
"6e2df847-71ac-48d2-8145-07031bb9cee4","project2_1:wikimap-main/src/components/ui/chart.tsx","161","MINOR","CODE_SMELL","Unexpected negated condition."
"4a225f86-e491-4e09-8435-cdcbee00ccc8","project2_1:wikimap-main/src/components/ui/chart.tsx","300","MINOR","CODE_SMELL","This assertion is unnecessary since it does not change the type of the expression."
"1cef3a93-92d1-47eb-b566-0e4368015d6c","project2_1:wikimap-main/src/components/ui/command.tsx","42","MAJOR","CODE_SMELL","Unknown property 'cmdk-input-wrapper' found"
"3ab6b2f4-5422-46a5-91d7-9d15ef8c14ef","project2_1:wikimap-main/src/components/ui/form.tsx","27","MAJOR","CODE_SMELL","The object passed as the value prop to the Context provider changes every render. To fix this consider wrapping it in a useMemo hook."
"4399ee32-8983-427a-a1a5-d8866abf0188","project2_1:wikimap-main/src/components/ui/form.tsx","67","MAJOR","CODE_SMELL","The object passed as the value prop to the Context provider changes every render. To fix this consider wrapping it in a useMemo hook."
"1beef940-2a05-49e2-b6e4-0522b567ef1e","project2_1:wikimap-main/src/components/ui/form.tsx","93","MINOR","CODE_SMELL","Unexpected negated condition."
"0f4852ab-775a-4d27-9066-cf7a0dbc7ba9","project2_1:wikimap-main/src/components/ui/input-otp.tsx","54","MAJOR","CODE_SMELL","Use <hr> instead of the ""separator"" role to ensure accessibility across all devices."
"30cb76f3-76e2-4001-8af1-1461a4ca80f2","project2_1:wikimap-main/src/components/ui/pagination.tsx","35","MINOR","CODE_SMELL","Anchors must have content and the content must be accessible by a screen reader."
"fd35fab0-8453-4821-b5bc-cb69994c7d2d","project2_1:wikimap-main/src/components/ui/sidebar.tsx","87","MINOR","CODE_SMELL","Prefer `globalThis` over `window`."
"19ac9c42-a9ce-4c5c-87e6-a77caa78440b","project2_1:wikimap-main/src/components/ui/sidebar.tsx","88","MINOR","CODE_SMELL","Prefer `globalThis` over `window`."
"420cdf07-898d-43f7-b534-f9fbaf3b49a6","project2_1:wikimap-main/src/components/ui/sonner.tsx","27","MINOR","CODE_SMELL","Use `export???from` to re-export `toast`."
"45bf2248-f2b0-4dec-9b77-e2dd187f2a5b","project2_1:wikimap-main/src/components/ui/table.tsx","8","MAJOR","BUG","Add a valid header row or column to this ""<table>""."
"2a895bd4-7e89-43b3-a017-f6ac55fc7ab9","project2_1:wikimap-main/src/components/ui/toggle-group.tsx","18","MAJOR","CODE_SMELL","The object passed as the value prop to the Context provider changes every render. To fix this consider wrapping it in a useMemo hook."
"a2f155b1-1f44-4f3b-b53e-1596aa04f005","project2_1:wikimap-main/src/components/ui/use-toast.ts","3","MINOR","CODE_SMELL","Use `export???from` to re-export `useToast`."
"be1b5bb0-3378-4198-a7ab-abbb0c6a1b57","project2_1:wikimap-main/src/components/ui/use-toast.ts","3","MINOR","CODE_SMELL","Use `export???from` to re-export `toast`."
"aa0884d0-31ef-45cc-a8c4-c6cecb16886e","project2_1:wikimap-main/src/hooks/use-mobile.tsx","9","MINOR","CODE_SMELL","Prefer `globalThis` over `window`."
"935c79cb-4377-4782-833a-de55ea73f18e","project2_1:wikimap-main/src/hooks/useAuth.ts","72","MINOR","CODE_SMELL","Prefer `globalThis` over `window`."
"be870152-d1b2-42d8-b907-40c7e89ae480","project2_1:wikimap-main/src/hooks/useFavorites.ts","53","MINOR","CODE_SMELL","Prefer `structuredClone(???)` over `JSON.parse(JSON.stringify(???))` to create a deep clone."
"1c3a4beb-0940-47e9-97ed-e5e36e756b18","project2_1:wikimap-main/src/hooks/useMapState.ts","34","MINOR","CODE_SMELL","useState call is not destructured into value + setter pair"
"41b53c3c-fb1c-49d8-9b44-4845ba54940e","project2_1:wikimap-main/src/hooks/useSharePlace.ts","16","MINOR","CODE_SMELL","Prefer `structuredClone(???)` over `JSON.parse(JSON.stringify(???))` to create a deep clone."
"e4e2bf00-bdd6-45a9-8591-3a9496f0b968","project2_1:wikimap-main/src/integrations/supabase/types.ts","229","MINOR","CODE_SMELL","'never' is overridden by other types in this union type."
"e662b830-8e7e-4cf8-b029-9324902d4ae0","project2_1:wikimap-main/src/integrations/supabase/types.ts","246","MINOR","CODE_SMELL","'never' is overridden by other types in this union type."
"78815c07-19df-4213-a9df-d30d5abf3292","project2_1:wikimap-main/src/lib/overpass.ts","42","MINOR","CODE_SMELL","Do not call `Array#push()` multiple times."
"3aa606ec-0fe8-4a36-8053-5bb5ba60f9af","project2_1:wikimap-main/src/lib/overpass.ts","46","MINOR","CODE_SMELL","Do not call `Array#push()` multiple times."
"fbed9076-cacc-4682-b784-da923b37cc20","project2_1:wikimap-main/src/lib/overpass.ts","50","MINOR","CODE_SMELL","Do not call `Array#push()` multiple times."
"bf2a3364-a10d-490d-9d2c-dc1ba94ef361","project2_1:wikimap-main/src/lib/overpass.ts","54","MINOR","CODE_SMELL","Do not call `Array#push()` multiple times."
"6cfa607e-f735-481a-9477-02e162660b7e","project2_1:wikimap-main/src/lib/overpass.ts","61","MINOR","CODE_SMELL","Do not call `Array#push()` multiple times."
"6a9e1886-f04d-451a-8ea2-7d86263117f7","project2_1:wikimap-main/src/lib/overpass.ts","65","MINOR","CODE_SMELL","Do not call `Array#push()` multiple times."
"35e0523b-9d17-4a31-849c-e718f5e531dd","project2_1:wikimap-main/src/lib/overpass.ts","69","MINOR","CODE_SMELL","Do not call `Array#push()` multiple times."
"a6757679-9cd6-4595-be56-82014e62ed0e","project2_1:wikimap-main/src/lib/overpass.ts","70","MINOR","CODE_SMELL","Do not call `Array#push()` multiple times."
"207ebdb4-d05b-4212-9832-59ff091cc794","project2_1:wikimap-main/src/lib/overpass.ts","74","MINOR","CODE_SMELL","Do not call `Array#push()` multiple times."
"39adb52f-e2ab-4f33-882e-239bcc9d2bee","project2_1:wikimap-main/src/lib/overpass.ts","78","MINOR","CODE_SMELL","Do not call `Array#push()` multiple times."
"c0db61dd-f58e-453f-885d-255b88e58a0b","project2_1:wikimap-main/src/lib/overpass.ts","163","MINOR","CODE_SMELL","'v' will use Object's default stringification format ('[object Object]') when stringified."
"2ff1bba9-f26e-4311-a58d-5d4d7ae1cdcc","project2_1:wikimap-main/src/lib/overpass.ts","216","MINOR","CODE_SMELL","Prefer `Number.parseFloat` over `parseFloat`."
"694cf136-b424-4e3e-8d52-79f411c98f15","project2_1:wikimap-main/src/lib/overpass.ts","217","MINOR","CODE_SMELL","Prefer `Number.parseFloat` over `parseFloat`."
"8730db8a-02b9-45c7-b227-d8d3c911dbc0","project2_1:wikimap-main/src/lib/wikipedia.ts","147","MINOR","CODE_SMELL","Prefer `String#replaceAll()` over `String#replace()`."
"34e56979-16ac-4122-9fbc-3ae2e26b8e82","project2_1:wikimap-main/src/lib/wikipedia.ts","164","MINOR","CODE_SMELL","Prefer `String#replaceAll()` over `String#replace()`."
"32bea1e7-cab1-4cff-96d7-a078a59e1931","project2_1:wikimap-main/src/lib/wikipedia.ts","193","MINOR","CODE_SMELL","Use the ""RegExp.exec()"" method instead."
"f01de825-9b42-4747-8a27-f68df7c30e47","project2_1:wikimap-main/src/lib/wikipedia.ts","195","MINOR","CODE_SMELL","Prefer `Number.parseInt` over `parseInt`."
"73a05893-9f8e-4ae3-8f17-bbfb058a9a66","project2_1:wikimap-main/src/lib/wikipedia.ts","200","MAJOR","CODE_SMELL","This branch's code block is the same as the block for the branch on line 197."
"29bd09a1-6c9e-47a9-9504-080cea6dcb20","project2_1:wikimap-main/src/main.tsx","5","MINOR","CODE_SMELL","This assertion is unnecessary since it does not change the type of the expression."
"99984572-24d4-40ea-abba-419eeaefb90f","project2_1:wikimap-main/src/test/setup.ts","3","MINOR","CODE_SMELL","Prefer `globalThis` over `window`."
"364a7033-4a98-4095-af29-6b195bcfc850","project2_1:wikimap-main/vite.config.ts","3","MINOR","CODE_SMELL","Prefer `node:path` over `path`."
"df085128-48c5-4adb-90d6-473d1fe527f6","project2_1:wikimap-main/vitest.config.ts","3","MINOR","CODE_SMELL","Prefer `node:path` over `path`."
"06df7bc7-9320-4f5c-8aa5-ebdadf17f5ff","project1_2:chipspokerschool-main/index.html","6","INFO","CODE_SMELL","Complete the task associated to this ""TODO"" comment."
"60abb29e-b386-4629-9cac-e73ddc83009b","project1_2:chipspokerschool-main/index.html","11","INFO","CODE_SMELL","Complete the task associated to this ""TODO"" comment."
"1e680e82-b32f-4934-8ae3-dcec3f3a3c05","project1_2:chipspokerschool-main/src/components/FullPokerGame.tsx","56","MINOR","CODE_SMELL","Prefer `Number.parseInt` over `parseInt`."
"95099220-f3d8-4795-8def-c9d11a72dfaf","project1_2:chipspokerschool-main/src/components/FullPokerGame.tsx","59","CRITICAL","CODE_SMELL","Refactor this function to reduce its Cognitive Complexity from 18 to the 15 allowed."
"956371d7-116a-450c-8b34-6fd5895f0a56","project1_2:chipspokerschool-main/src/components/FullPokerGame.tsx","66","MINOR","CODE_SMELL","Prefer `Number.parseInt` over `parseInt`."
"e8d1c481-9798-44d4-add6-97222c5ff1bb","project1_2:chipspokerschool-main/src/components/FullPokerGame.tsx","66","MINOR","CODE_SMELL","Prefer `Number.parseInt` over `parseInt`."
"76279b32-8f80-4f38-bbd6-504c7a92bd55","project1_2:chipspokerschool-main/src/components/FullPokerGame.tsx","89","MINOR","CODE_SMELL","Prefer `Number.parseInt` over `parseInt`."
"892361f0-2169-4728-9744-f86b548dc5ff","project1_2:chipspokerschool-main/src/components/FullPokerGame.tsx","90","MINOR","CODE_SMELL","Prefer `Number.parseInt` over `parseInt`."
"997b09c1-d296-4cdc-8d7e-76be8fb2f85c","project1_2:chipspokerschool-main/src/components/FullPokerGame.tsx","93","MINOR","CODE_SMELL","Prefer `Number.parseInt` over `parseInt`."
"b79932bf-7338-42e6-8473-4861f86d3824","project1_2:chipspokerschool-main/src/components/FullPokerGame.tsx","94","MINOR","CODE_SMELL","Prefer `Number.parseInt` over `parseInt`."
"c21ec0d5-6c76-4ae8-853b-956680b48788","project1_2:chipspokerschool-main/src/components/FullPokerGame.tsx","94","MINOR","CODE_SMELL","Prefer `Number.parseInt` over `parseInt`."
"0471bfd6-9457-4d9f-b5e1-a372d661003f","project1_2:chipspokerschool-main/src/components/FullPokerGame.tsx","95","MINOR","CODE_SMELL","Prefer `Number.parseInt` over `parseInt`."
"ca6d738d-45d0-47cd-8903-72fcf574a381","project1_2:chipspokerschool-main/src/components/FullPokerGame.tsx","179","MAJOR","CODE_SMELL","Remove this useless assignment to variable ""sbPlayer""."
"18a1e62c-7d22-4e69-afc5-7f941c42f3c7","project1_2:chipspokerschool-main/src/components/FullPokerGame.tsx","180","MAJOR","CODE_SMELL","Remove this useless assignment to variable ""bbPlayer""."
"2355432b-fa3a-4a5b-bf28-03384be17237","project1_2:chipspokerschool-main/src/components/FullPokerGame.tsx","245","CRITICAL","CODE_SMELL","Refactor this function to reduce its Cognitive Complexity from 19 to the 15 allowed."
"d47a660b-a05d-4e3b-bc3e-0c0df2161985","project1_2:chipspokerschool-main/src/components/FullPokerGame.tsx","259","MAJOR","CODE_SMELL","Extract this nested ternary operation into an independent statement."
"229390b4-1f94-4585-89c1-ffb4c66b44f4","project1_2:chipspokerschool-main/src/components/FullPokerGame.tsx","260","MAJOR","CODE_SMELL","Extract this nested ternary operation into an independent statement."
"4e8c2b25-a3b2-4346-a846-aaccd500f264","project1_2:chipspokerschool-main/src/components/FullPokerGame.tsx","394","MINOR","CODE_SMELL","This assertion is unnecessary since it does not change the type of the expression."
"670f4ff9-c18a-44c0-97db-4a35eef9859f","project1_2:chipspokerschool-main/src/components/FullPokerGame.tsx","558","MAJOR","CODE_SMELL","Extract this nested ternary operation into an independent statement."
"4cee74ed-b452-453d-81ef-d70fa6095005","project1_2:chipspokerschool-main/src/components/FullPokerGame.tsx","560","MAJOR","CODE_SMELL","Extract this nested ternary operation into an independent statement."
"93aa27de-af5a-4b10-a072-f7751db934ee","project1_2:chipspokerschool-main/src/components/FullPokerGame.tsx","586","MAJOR","CODE_SMELL","Extract this nested ternary operation into an independent statement."
"a4984e60-91e7-4a56-8a81-d919f8b57557","project1_2:chipspokerschool-main/src/components/FullPokerGame.tsx","590","MAJOR","CODE_SMELL","Do not use Array index in keys"
"41b6d37d-bc46-4d72-ac42-918c39135198","project1_2:chipspokerschool-main/src/components/FullPokerGame.tsx","594","MAJOR","CODE_SMELL","Extract this nested ternary operation into an independent statement."
"126c46e5-5a06-491e-97e2-ca7bfa39527e","project1_2:chipspokerschool-main/src/components/FullPokerGame.tsx","612","MAJOR","CODE_SMELL","Do not use Array index in keys"
"51b7d11a-b4a4-41f1-b472-ad05a68c59e6","project1_2:chipspokerschool-main/src/components/FullPokerGame.tsx","668","MAJOR","CODE_SMELL","Do not use Array index in keys"
"3f125ad2-f47f-4271-b7a1-dc4c7579dce9","project1_2:chipspokerschool-main/src/components/HandRankings.tsx","159","MAJOR","CODE_SMELL","Do not use Array index in keys"
"510574b6-abc3-484d-abd5-e42fc1735a85","project1_2:chipspokerschool-main/src/components/LessonCard.tsx","36","CRITICAL","CODE_SMELL","Refactor this function to reduce its Cognitive Complexity from 45 to the 15 allowed."
"0d19fe27-1c41-446e-9174-b1a56cc15077","project1_2:chipspokerschool-main/src/components/LessonCard.tsx","50","MAJOR","CODE_SMELL","Extract this nested ternary operation into an independent statement."
"6a64afe0-45e8-4e49-9bfd-659234a30527","project1_2:chipspokerschool-main/src/components/LessonCard.tsx","52","MAJOR","CODE_SMELL","Extract this nested ternary operation into an independent statement."
"d47090ba-0734-42ba-bb86-1fa96e7f63b0","project1_2:chipspokerschool-main/src/components/LessonCard.tsx","54","MAJOR","CODE_SMELL","Extract this nested ternary operation into an independent statement."
"c13cf0f4-a381-4dfb-9352-44edd211266c","project1_2:chipspokerschool-main/src/components/LessonCard.tsx","64","MAJOR","CODE_SMELL","Extract this nested ternary operation into an independent statement."
"2e4d1574-1dfc-4d60-bd67-40e20a7b5e7e","project1_2:chipspokerschool-main/src/components/LessonCard.tsx","66","MAJOR","CODE_SMELL","Extract this nested ternary operation into an independent statement."
"113c39f0-b867-4524-977e-ddbb63244cf4","project1_2:chipspokerschool-main/src/components/LessonCard.tsx","68","MAJOR","CODE_SMELL","Extract this nested ternary operation into an independent statement."
"5d4946aa-7636-46e4-bdbd-5c1d3f274431","project1_2:chipspokerschool-main/src/components/LessonCard.tsx","77","MAJOR","CODE_SMELL","Extract this nested ternary operation into an independent statement."
"642a50e6-7778-4174-bc7c-8a37f9c661e4","project1_2:chipspokerschool-main/src/components/LessonCard.tsx","79","MAJOR","CODE_SMELL","Extract this nested ternary operation into an independent statement."
"d9df9833-8c99-4f7d-81a1-a55f14f27a76","project1_2:chipspokerschool-main/src/components/LessonCard.tsx","81","MAJOR","CODE_SMELL","Extract this nested ternary operation into an independent statement."
"2475aa2b-0865-4d96-b22d-e09c801bd5c9","project1_2:chipspokerschool-main/src/components/LessonCard.tsx","93","MAJOR","CODE_SMELL","Extract this nested ternary operation into an independent statement."
"53b0e7b9-1cbc-4ec8-ac96-1ea8bffd9547","project1_2:chipspokerschool-main/src/components/LessonCard.tsx","95","MAJOR","CODE_SMELL","Extract this nested ternary operation into an independent statement."
"93ed55cb-af01-4fe4-b490-cd93f1e578e7","project1_2:chipspokerschool-main/src/components/LessonCard.tsx","97","MAJOR","CODE_SMELL","Extract this nested ternary operation into an independent statement."
"3f2898f7-48f8-4556-b6ed-c972b5064f8e","project1_2:chipspokerschool-main/src/components/LessonCard.tsx","122","MAJOR","CODE_SMELL","Extract this nested ternary operation into an independent statement."
"4e963ef4-e23a-4a81-876b-464ba9ebbf72","project1_2:chipspokerschool-main/src/components/LessonSection.tsx","43","MAJOR","CODE_SMELL","Extract this nested ternary operation into an independent statement."
"aadfdc33-1e86-45b7-93ec-cfc9b113837d","project1_2:chipspokerschool-main/src/components/PokerTable.tsx","37","MAJOR","CODE_SMELL","Do not use Array index in keys"
"a151be3e-9cdd-469c-bee9-a20c313ee821","project1_2:chipspokerschool-main/src/components/PracticeGame.tsx","48","MINOR","CODE_SMELL","Prefer `Number.parseInt` over `parseInt`."
"57c01e46-2b25-4365-a952-f3bc6f52a67b","project1_2:chipspokerschool-main/src/components/PracticeGame.tsx","51","CRITICAL","CODE_SMELL","Refactor this function to reduce its Cognitive Complexity from 18 to the 15 allowed."
"8c2eeb4b-4430-470c-ae2b-da1bdc80ffa5","project1_2:chipspokerschool-main/src/components/PracticeGame.tsx","220","MAJOR","CODE_SMELL","Extract this nested ternary operation into an independent statement."
"6d76c355-af43-40e3-869d-54bde970a0f0","project1_2:chipspokerschool-main/src/components/PracticeGame.tsx","269","MAJOR","CODE_SMELL","Extract this nested ternary operation into an independent statement."
"466c23b2-6a5f-4e54-91e6-14b94bdec24c","project1_2:chipspokerschool-main/src/components/PracticeGame.tsx","272","MAJOR","CODE_SMELL","Do not use Array index in keys"
"5f788ce2-98d2-41c4-a842-a36e80baee82","project1_2:chipspokerschool-main/src/components/PracticeGame.tsx","282","MAJOR","CODE_SMELL","Do not use Array index in keys"
"3a7a0ace-8b33-41a3-af3c-f4d39937928e","project1_2:chipspokerschool-main/src/components/PracticeGame.tsx","295","MINOR","CODE_SMELL","Use `new Array()` instead of `Array()`."
"1934f65d-2fc6-42db-9aef-4c101d4ad22e","project1_2:chipspokerschool-main/src/components/PracticeGame.tsx","296","MAJOR","CODE_SMELL","Do not use Array index in keys"
"d4c82007-a0c0-44e9-abe7-7742c3630686","project1_2:chipspokerschool-main/src/components/PracticeGame.tsx","303","MAJOR","CODE_SMELL","Do not use Array index in keys"
"f5ddaffe-0ec3-49fc-ab2f-77fef37e7c05","project1_2:chipspokerschool-main/src/components/PracticeGame.tsx","362","MAJOR","CODE_SMELL","Do not use Array index in keys"
"d4477cc8-46ab-4311-a512-675b2b017ee4","project1_2:chipspokerschool-main/src/components/ui/alert.tsx","31","MAJOR","CODE_SMELL","Headings must have content and the content must be accessible by a screen reader."
"77073a44-177f-4c5e-ba84-ece040a7b5f6","project1_2:chipspokerschool-main/src/components/ui/breadcrumb.tsx","50","MAJOR","CODE_SMELL","Use <a href=...>, or <area href=...> instead of the ""link"" role to ensure accessibility across all devices."
"fb1e6bb3-337f-43f4-9bf1-fe4fad280420","project1_2:chipspokerschool-main/src/components/ui/breadcrumb.tsx","63","MAJOR","CODE_SMELL","Use <img alt=...> instead of the ""presentation"" role to ensure accessibility across all devices."
"ccbe74e0-29a6-4716-9759-d37ec1bf46d7","project1_2:chipspokerschool-main/src/components/ui/breadcrumb.tsx","70","MAJOR","CODE_SMELL","Use <img alt=...> instead of the ""presentation"" role to ensure accessibility across all devices."
"8b649865-1188-4002-80a7-263294544e5a","project1_2:chipspokerschool-main/src/components/ui/calendar.tsx","45","MAJOR","CODE_SMELL","Move this component definition out of the parent component and pass data as props."
"919e03b8-7cce-4ff6-9af3-aa21320eedf6","project1_2:chipspokerschool-main/src/components/ui/calendar.tsx","46","MAJOR","CODE_SMELL","Move this component definition out of the parent component and pass data as props."
"8c0cc3ae-8b8f-4fa1-909e-2ca1c4dc4cb7","project1_2:chipspokerschool-main/src/components/ui/card.tsx","19","MAJOR","CODE_SMELL","Headings must have content and the content must be accessible by a screen reader."
"dc79ce8d-bb38-43a3-a0fa-7473763dd654","project1_2:chipspokerschool-main/src/components/ui/carousel.tsx","107","MAJOR","CODE_SMELL","The object passed as the value prop to the Context provider changes every render. To fix this consider wrapping it in a useMemo hook."
"1a78b1a1-0ebd-40ce-acc6-64d1f34195d0","project1_2:chipspokerschool-main/src/components/ui/carousel.tsx","118","MAJOR","CODE_SMELL","Use <section aria-label=...>, or <section aria-labelledby=...> instead of the ""region"" role to ensure accessibility across all devices."
"5093da5b-1f10-448c-9bff-72d4b0cbe613","project1_2:chipspokerschool-main/src/components/ui/carousel.tsx","156","MAJOR","CODE_SMELL","Use <details>, <fieldset>, <optgroup>, or <address> instead of the ""group"" role to ensure accessibility across all devices."
"a7913e7a-6636-425f-a95d-97bbab940bce","project1_2:chipspokerschool-main/src/components/ui/chart.tsx","40","MINOR","CODE_SMELL","Prefer `String#replaceAll()` over `String#replace()`."
"dab8b5c6-76c3-4996-9bf1-ac072ac69bc1","project1_2:chipspokerschool-main/src/components/ui/chart.tsx","43","MAJOR","CODE_SMELL","The object passed as the value prop to the Context provider changes every render. To fix this consider wrapping it in a useMemo hook."
"d2677a7a-ee82-4fce-b584-aec1d54d1079","project1_2:chipspokerschool-main/src/components/ui/chart.tsx","161","MINOR","CODE_SMELL","Unexpected negated condition."
"0bd00f26-b9e9-4f72-b0d1-1699331bb7aa","project1_2:chipspokerschool-main/src/components/ui/chart.tsx","300","MINOR","CODE_SMELL","This assertion is unnecessary since it does not change the type of the expression."
"913364f5-603f-4a49-b5a5-5f5106afba89","project1_2:chipspokerschool-main/src/components/ui/command.tsx","42","MAJOR","CODE_SMELL","Unknown property 'cmdk-input-wrapper' found"
"c3ac7e86-115b-4ea4-9ec3-c2a78732c8cc","project1_2:chipspokerschool-main/src/components/ui/form.tsx","27","MAJOR","CODE_SMELL","The object passed as the value prop to the Context provider changes every render. To fix this consider wrapping it in a useMemo hook."
"e4581f20-2acc-4cbb-85cb-2cb812e19a38","project1_2:chipspokerschool-main/src/components/ui/form.tsx","67","MAJOR","CODE_SMELL","The object passed as the value prop to the Context provider changes every render. To fix this consider wrapping it in a useMemo hook."
"7968ac29-d4ab-4205-b72d-080c0877020b","project1_2:chipspokerschool-main/src/components/ui/form.tsx","93","MINOR","CODE_SMELL","Unexpected negated condition."
"75babf21-3c0a-4711-b493-3cd4565af133","project1_2:chipspokerschool-main/src/components/ui/input-otp.tsx","54","MAJOR","CODE_SMELL","Use <hr> instead of the ""separator"" role to ensure accessibility across all devices."
"97788b6a-b22c-4711-8a9f-e3db10cd52aa","project1_2:chipspokerschool-main/src/components/ui/pagination.tsx","35","MINOR","CODE_SMELL","Anchors must have content and the content must be accessible by a screen reader."
"691200f3-c41c-4848-bb53-b123ebbd28bf","project1_2:chipspokerschool-main/src/components/ui/sidebar.tsx","87","MINOR","CODE_SMELL","Prefer `globalThis` over `window`."
"1de923c9-005a-4bd9-b5f3-af4fe2a01977","project1_2:chipspokerschool-main/src/components/ui/sidebar.tsx","88","MINOR","CODE_SMELL","Prefer `globalThis` over `window`."
"10fa8a05-4b1b-4a83-8eee-9f085c7a5b55","project1_2:chipspokerschool-main/src/components/ui/sonner.tsx","27","MINOR","CODE_SMELL","Use `export???from` to re-export `toast`."
"87cfb074-166b-4abe-b3c2-11c2751b2a18","project1_2:chipspokerschool-main/src/components/ui/table.tsx","8","MAJOR","BUG","Add a valid header row or column to this ""<table>""."
"1a05018d-f71f-4329-a079-cf4375d4e581","project1_2:chipspokerschool-main/src/components/ui/toggle-group.tsx","18","MAJOR","CODE_SMELL","The object passed as the value prop to the Context provider changes every render. To fix this consider wrapping it in a useMemo hook."
"5baf28d1-c8bc-405a-ac2e-5d7e082dfe7b","project1_2:chipspokerschool-main/src/components/ui/use-toast.ts","3","MINOR","CODE_SMELL","Use `export???from` to re-export `toast`."
"7c188322-82f0-49cd-a68d-ef2548670138","project1_2:chipspokerschool-main/src/components/ui/use-toast.ts","3","MINOR","CODE_SMELL","Use `export???from` to re-export `useToast`."
"86c78d1a-78fa-48ea-84ec-265cacdd2ef0","project1_2:chipspokerschool-main/src/contexts/AuthContext.tsx","16","MINOR","CODE_SMELL","Mark the props of the component as read-only."
"042784fd-dc8f-4a05-a21e-046efcac8aa0","project1_2:chipspokerschool-main/src/contexts/AuthContext.tsx","50","MINOR","CODE_SMELL","Prefer `globalThis` over `window`."
"2a1300d2-92a7-4ee4-a725-7c42a74033a4","project1_2:chipspokerschool-main/src/contexts/AuthContext.tsx","66","MAJOR","CODE_SMELL","The object passed as the value prop to the Context provider changes every render. To fix this consider wrapping it in a useMemo hook."
"55f4f1c0-6395-4cc1-9bef-a51c044264cc","project1_2:chipspokerschool-main/src/hooks/use-mobile.tsx","9","MINOR","CODE_SMELL","Prefer `globalThis` over `window`."
"e56394ee-0348-43e0-b6c2-c85c826aa52f","project1_2:chipspokerschool-main/src/integrations/supabase/types.ts","148","MINOR","CODE_SMELL","'never' is overridden by other types in this union type."
"e00b1d4f-8149-48aa-a26c-839f65467044","project1_2:chipspokerschool-main/src/integrations/supabase/types.ts","165","MINOR","CODE_SMELL","'never' is overridden by other types in this union type."
"cb4300a4-3cd4-4500-a5c6-8e3411dbd8a8","project1_2:chipspokerschool-main/src/main.tsx","5","MINOR","CODE_SMELL","This assertion is unnecessary since it does not change the type of the expression."
"e66ffb67-ee33-425a-afd6-f2e804697a18","project1_2:chipspokerschool-main/src/pages/Auth.tsx","55","CRITICAL","CODE_SMELL","Refactor this function to reduce its Cognitive Complexity from 17 to the 15 allowed."
"81b87c56-d11a-4994-9e6b-b30601282520","project1_2:chipspokerschool-main/src/pages/Auth.tsx","136","MINOR","CODE_SMELL","Unexpected negated condition."
"9e053faa-257d-4caa-baa2-4295d84f6595","project1_2:chipspokerschool-main/src/pages/Auth.tsx","224","MAJOR","CODE_SMELL","Extract this nested ternary operation into an independent statement."
"8f885e36-3e66-4c4c-b1a3-5505a9b84bfa","project1_2:chipspokerschool-main/src/test/setup.ts","3","MINOR","CODE_SMELL","Prefer `globalThis` over `window`."
"11bdadae-4088-4287-a6b0-886dd71a80e5","project1_2:chipspokerschool-main/vite.config.ts","3","MINOR","CODE_SMELL","Prefer `node:path` over `path`."
"28c50bd6-fbf9-4a5b-9453-4c17544d471b","project1_2:chipspokerschool-main/vitest.config.ts","3","MINOR","CODE_SMELL","Prefer `node:path` over `path`."
"78d1aac2-76d4-41ea-a983-377a97fff17b","project1_1:receitasportugal-main/index.html","6","INFO","CODE_SMELL","Complete the task associated to this ""TODO"" comment."
"fc1029d6-71d1-4280-a8fd-0557e7712db2","project1_1:receitasportugal-main/index.html","11","INFO","CODE_SMELL","Complete the task associated to this ""TODO"" comment."
"91c8b29a-f60f-4b78-83a3-2ebea70e7f74","project1_1:receitasportugal-main/src/components/RecipeCard.tsx","94","MAJOR","CODE_SMELL","Extract this nested ternary operation into an independent statement."
"ee37995e-1dc5-40fb-adb2-49f35eb4f1ca","project1_1:receitasportugal-main/src/components/RecipeCard.tsx","156","MAJOR","CODE_SMELL","Do not use Array index in keys"
"f47706b1-99ce-4864-a8c8-891936f91952","project1_1:receitasportugal-main/src/components/RecipeCard.tsx","178","MAJOR","CODE_SMELL","Do not use Array index in keys"
"f5cb0f44-bb6f-4aa2-a5a4-aaf13a44b26b","project1_1:receitasportugal-main/src/components/ui/alert.tsx","31","MAJOR","CODE_SMELL","Headings must have content and the content must be accessible by a screen reader."
"3511b75e-6937-44ff-a767-72cdc9e3f736","project1_1:receitasportugal-main/src/components/ui/breadcrumb.tsx","50","MAJOR","CODE_SMELL","Use <a href=...>, or <area href=...> instead of the ""link"" role to ensure accessibility across all devices."
"9fff38ec-b160-4d5f-a27d-16abc42b0b78","project1_1:receitasportugal-main/src/components/ui/breadcrumb.tsx","63","MAJOR","CODE_SMELL","Use <img alt=...> instead of the ""presentation"" role to ensure accessibility across all devices."
"042e47ce-6dee-4dce-bfac-f5f83976e4b5","project1_1:receitasportugal-main/src/components/ui/breadcrumb.tsx","70","MAJOR","CODE_SMELL","Use <img alt=...> instead of the ""presentation"" role to ensure accessibility across all devices."
"c0b3bdb6-fa30-4fda-b886-0bd22cbaac18","project1_1:receitasportugal-main/src/components/ui/calendar.tsx","45","MAJOR","CODE_SMELL","Move this component definition out of the parent component and pass data as props."
"e4bc6ad1-ec0e-4739-aa87-3c9a50d1af28","project1_1:receitasportugal-main/src/components/ui/calendar.tsx","46","MAJOR","CODE_SMELL","Move this component definition out of the parent component and pass data as props."
"62ab7fbd-81c0-416d-aa0e-5ec4002c962c","project1_1:receitasportugal-main/src/components/ui/card.tsx","19","MAJOR","CODE_SMELL","Headings must have content and the content must be accessible by a screen reader."
"143d73f0-32d0-44c5-8f4e-ae8828188058","project1_1:receitasportugal-main/src/components/ui/carousel.tsx","107","MAJOR","CODE_SMELL","The object passed as the value prop to the Context provider changes every render. To fix this consider wrapping it in a useMemo hook."
"36089ca6-d297-4c15-a675-f67a7c40b49c","project1_1:receitasportugal-main/src/components/ui/carousel.tsx","118","MAJOR","CODE_SMELL","Use <section aria-label=...>, or <section aria-labelledby=...> instead of the ""region"" role to ensure accessibility across all devices."
"97869419-7d3e-4062-b11d-cd0ec6c8ee24","project1_1:receitasportugal-main/src/components/ui/carousel.tsx","156","MAJOR","CODE_SMELL","Use <details>, <fieldset>, <optgroup>, or <address> instead of the ""group"" role to ensure accessibility across all devices."
"02fa99c0-d926-4e0f-9ebb-816e9e541f2b","project1_1:receitasportugal-main/src/components/ui/chart.tsx","40","MINOR","CODE_SMELL","Prefer `String#replaceAll()` over `String#replace()`."
"1bc02f73-f08f-4973-9836-a0ef7df2a82e","project1_1:receitasportugal-main/src/components/ui/chart.tsx","43","MAJOR","CODE_SMELL","The object passed as the value prop to the Context provider changes every render. To fix this consider wrapping it in a useMemo hook."
"8a8d3e5d-dfa4-4a03-8ac9-c500d0c3f8e8","project1_1:receitasportugal-main/src/components/ui/chart.tsx","161","MINOR","CODE_SMELL","Unexpected negated condition."
"275895a8-09e4-469a-aee9-646f4001cb3d","project1_1:receitasportugal-main/src/components/ui/chart.tsx","300","MINOR","CODE_SMELL","This assertion is unnecessary since it does not change the type of the expression."
"b66b79b4-b156-43ab-a96b-e937ef3b21c2","project1_1:receitasportugal-main/src/components/ui/command.tsx","42","MAJOR","CODE_SMELL","Unknown property 'cmdk-input-wrapper' found"
"2cb98485-7dc0-4b6f-b9b3-68462196814f","project1_1:receitasportugal-main/src/components/ui/form.tsx","27","MAJOR","CODE_SMELL","The object passed as the value prop to the Context provider changes every render. To fix this consider wrapping it in a useMemo hook."
"29d7271e-95b0-40d3-bac5-135e86ce0a53","project1_1:receitasportugal-main/src/components/ui/form.tsx","67","MAJOR","CODE_SMELL","The object passed as the value prop to the Context provider changes every render. To fix this consider wrapping it in a useMemo hook."
"8b14d67e-27ff-41e9-a625-5e7c6a131ec4","project1_1:receitasportugal-main/src/components/ui/form.tsx","93","MINOR","CODE_SMELL","Unexpected negated condition."
"2f283d88-f4a8-4d2d-ba4f-ed0aabf01723","project1_1:receitasportugal-main/src/components/ui/input-otp.tsx","54","MAJOR","CODE_SMELL","Use <hr> instead of the ""separator"" role to ensure accessibility across all devices."
"4b0806b2-d5b0-47a0-8e55-ed73078c5dea","project1_1:receitasportugal-main/src/components/ui/pagination.tsx","35","MINOR","CODE_SMELL","Anchors must have content and the content must be accessible by a screen reader."
"4b71ba96-ca88-42fc-862e-1cd4c292ac5f","project1_1:receitasportugal-main/src/components/ui/sidebar.tsx","87","MINOR","CODE_SMELL","Prefer `globalThis` over `window`."
"a22f4edb-a9dd-402d-8bda-9d84373632d4","project1_1:receitasportugal-main/src/components/ui/sidebar.tsx","88","MINOR","CODE_SMELL","Prefer `globalThis` over `window`."
"b20bb676-811a-4a0d-8277-35249b86da1d","project1_1:receitasportugal-main/src/components/ui/sonner.tsx","27","MINOR","CODE_SMELL","Use `export???from` to re-export `toast`."
"fc6cdb9a-d3cb-4dc4-9eeb-b84d2487724d","project1_1:receitasportugal-main/src/components/ui/table.tsx","8","MAJOR","BUG","Add a valid header row or column to this ""<table>""."
"128c3bfe-575f-4bfa-809e-6fcc58c0ef90","project1_1:receitasportugal-main/src/components/ui/toggle-group.tsx","18","MAJOR","CODE_SMELL","The object passed as the value prop to the Context provider changes every render. To fix this consider wrapping it in a useMemo hook."
"5317ec17-e82a-40b1-90be-8a21d57f7f05","project1_1:receitasportugal-main/src/components/ui/use-toast.ts","3","MINOR","CODE_SMELL","Use `export???from` to re-export `useToast`."
"9bfd9eae-eb71-492b-a323-f7c61e70d13a","project1_1:receitasportugal-main/src/components/ui/use-toast.ts","3","MINOR","CODE_SMELL","Use `export???from` to re-export `toast`."
"38c7e791-3ae7-47bd-ae42-7abc2a0d9cd3","project1_1:receitasportugal-main/src/hooks/use-mobile.tsx","9","MINOR","CODE_SMELL","Prefer `globalThis` over `window`."
"4bfe363b-ef41-46a4-aea6-a683220744ed","project1_1:receitasportugal-main/src/integrations/supabase/types.ts","160","MINOR","CODE_SMELL","'never' is overridden by other types in this union type."
"98ad8b75-0287-424c-98ab-4581e1419575","project1_1:receitasportugal-main/src/integrations/supabase/types.ts","177","MINOR","CODE_SMELL","'never' is overridden by other types in this union type."
